X,Y,OBJECTID,TYPE_BANK,STANDPLAATS,WIJK
189488.552700002,439802.451000001,1,Bank,Speeltuin,Rijkerswoerd
189493.728999998,439789.393399999,2,Bank,Speeltuin,Rijkerswoerd
189493.956900001,439782.274599999,3,Bank,Speeltuin,Rijkerswoerd
189547.627099998,439835.944800001,4,Bank,Speeltuin,Rijkerswoerd
189538.114999998,439835.083900001,5,Bank,Speeltuin,Rijkerswoerd
189529.383900002,439830.648400001,6,Bank,Speeltuin,Rijkerswoerd
189522.032299999,439825.6809,7,Bank,Speeltuin,Rijkerswoerd
189433.060699999,439782.946899999,8,Bank,Park,Rijkerswoerd
189269.325100001,439783.943700001,9,Bank,Speeltuin,Rijkerswoerd
189180.930199999,439581.988200001,10,Bank,Speeltuin,Rijkerswoerd
189452.770199999,439456.140900001,11,Bank,Speeltuin,Rijkerswoerd
189607.3288,439378.6272,12,Bank,Speeltuin,Rijkerswoerd
189510.340700001,439610.384599999,13,Bank,Speeltuin,Rijkerswoerd
189533.596500002,439701.788600001,14,Bank,Bushalte,Rijkerswoerd
189647.1173,439589.058699999,15,Bank,Speeltuin,Rijkerswoerd
189644.447099999,439585.6642,16,Bank,Speeltuin,Rijkerswoerd
189910.0022,439503.6382,17,Bank,Speeltuin,Rijkerswoerd
189924.856199998,439501.9058,18,Bank,Speeltuin,Rijkerswoerd
189908.705200002,439500.8541,19,Bank,Speeltuin,Rijkerswoerd
190022.622900002,439396.866999999,20,Bank,Speeltuin,Rijkerswoerd
190030.851100001,439388.104600001,21,Bank,Speeltuin,Rijkerswoerd
189931.4747,439577.487100001,22,Bank,Speeltuin,Rijkerswoerd
189506.425700001,439247.0988,23,Bank,Speeltuin,Rijkerswoerd
189750.474399999,439746.756900001,24,Bank,Speeltuin,Rijkerswoerd
188880.877300002,439244.483600002,25,Bank,Park,Rijkerswoerd
189009.495499998,439423.153099999,26,Bank,Park,Rijkerswoerd
189161.986499999,439352.468899999,27,Bank,Park,Rijkerswoerd
189775.109499998,439566.0913,28,Bank,Speeltuin,Rijkerswoerd
190234.449099999,439393.306000002,29,Bank,Speeltuin,Rijkerswoerd
190268.202599999,439545.1182,30,Bank,Speeltuin,Rijkerswoerd
190268.505600002,439541.071600001,31,Bank,Speeltuin,Rijkerswoerd
190331.443500001,439331.025400002,32,Bank,Speeltuin,Rijkerswoerd
190335.417599998,439330.555300001,33,Bank,Speeltuin,Rijkerswoerd
190493.332699999,439242.9725,34,Bank,Speeltuin,Rijkerswoerd
189436.171300001,440194.6908,35,Bank,Speeltuin,Rijkerswoerd
189502.3948,440258.309099998,36,Bank,Speeltuin,Rijkerswoerd
189606.546700001,440378.482700001,37,Bank,Speeltuin,Rijkerswoerd
189994.285799999,439964.487399999,38,Bank,Park,Rijkerswoerd
189982.853799999,439970.152399998,39,Bank,Park,Rijkerswoerd
190913.0427,443410.527800001,40,Bank,Overig,Centrum
190913.757100001,443413.200100001,41,Bank,Overig,Centrum
190920.146400001,443434.627,42,Bank,Overig,Centrum
190920.9507,443437.272799999,43,Bank,Overig,Centrum
190971.4703,443471.411600001,44,Bank,Overig,Centrum
190974.089699998,443470.7766,45,Bank,,Centrum
190959.484700002,443399.656399999,46,Bank,Overig,Centrum
190957.147100002,443404.322299998,47,Bank,Overig,Centrum
190957.7927,443407.074000001,48,Bank,Overig,Centrum
190946.7641,443367.5933,49,Bank,Overig,Centrum
190947.8224,443370.556699999,50,Bank,Overig,Centrum
190948.669100001,443373.096700002,51,Bank,Overig,Centrum
190953.590399999,443379.076299999,52,Bank,Overig,Centrum
190906.335700002,443385.892000001,53,Bank,Overig,Centrum
190907.034200002,443388.622499999,54,Bank,Overig,Centrum
190964.182,443439.3675,55,Bank,Overig,Centrum
190964.678100001,443442.443300001,56,Bank,Overig,Centrum
190965.174199998,443445.386799999,57,Bank,Overig,Centrum
190973.2656,443464.449999999,58,Bank,Overig,Centrum
190970.365800001,443464.725200001,59,Bank,Overig,Centrum
187545.923300002,440069.766600002,60,Bank,Speeltuin,De Laar
189072.987199999,441229.867899999,61,Bank,Overig,Elden
189087.949499998,441223.279800002,62,Bank,Overig,Elden
187555.8598,441248.935600001,63,Bank,Speeltuin,Elderveld
190103.807599999,442508.245299999,64,Bank,Trottoir,Malburgen-West
190101.227899998,442508.873599999,65,Bank,Trottoir,Malburgen-West
190051.2216,442521.904399998,66,Bank,Trottoir,Malburgen-West
190048.741099998,442522.5328,67,Bank,Trottoir,Malburgen-West
190013.967700001,442531.171399999,68,Bank,Trottoir,Malburgen-West
190011.3748,442531.8594,69,Bank,Trottoir,Malburgen-West
190375.4366,440697.248300001,70,Bank,Speeltuin,Vredenburg/Kronenburg
190405.214000002,440686.000799999,71,Bijzondere bank,Speeltuin,Vredenburg/Kronenburg
190660.193100002,442138.241500001,72,Bank,Overig,Malburgen-Oost (Zuid)
193486.982799999,444242.3193,73,Bank,Park,Presikhaaf-Oost
193488.983100001,444310.8849,74,Bank,Park,Presikhaaf-Oost
193483.2751,444242.311799999,75,Bank,Park,Presikhaaf-Oost
193468.688099999,444218.052499998,76,Bank,Park,Presikhaaf-Oost
193467.1006,444221.386300001,77,Bank,Park,Presikhaaf-Oost
189199.341800001,445346.813200001,78,Bank,Bushalte,Burgemeesterswijk/Hoogkamp
192470.306699999,446032.6884,79,Bijzondere bank,Park,Monnikenhuizen
189732.796700001,444419.064300001,80,Bank,Speeltuin,Heijenoord/Lombok
189758.100200001,444413.907499999,81,Bank,Trottoir,Heijenoord/Lombok
189756.625700001,444599.489700001,82,Bank,Trottoir,Burgemeesterswijk/Hoogkamp
189557.8191,444462.480700001,83,Bank,Speeltuin,Heijenoord/Lombok
189521.147500001,444410.389600001,84,Bank,Trottoir,Heijenoord/Lombok
189488.700199999,444633.929400001,85,Bank,Speeltuin,Heijenoord/Lombok
189512.583700001,444592.032400001,86,Bank,Overig,Heijenoord/Lombok
189514.262899999,444603.956,87,Bank,Overig,Heijenoord/Lombok
189523.8004,444728.6362,88,Bank,Overig,Burgemeesterswijk/Hoogkamp
189504.039799999,444738.990600001,89,Bank,Overig,Burgemeesterswijk/Hoogkamp
189327.3028,444540.3002,90,Bank,Speeltuin,Heijenoord/Lombok
189206.799199998,444660.716600001,91,Bank,Speeltuin,Klingelbeek e.o.
189207.5145,444662.0352,92,Bank,Speeltuin,Klingelbeek e.o.
188760.2722,444791.953899998,93,Bank,Trottoir,Klingelbeek e.o.
188719.081099998,444910.5548,94,Bank,Bushalte,Klingelbeek e.o.
188712.422699999,444585.981600001,95,Bank,Speeltuin,Heijenoord/Lombok
188982.849800002,444340.2326,96,Bank,Trottoir,Heijenoord/Lombok
188985.741,444344.979400001,97,Bank,Trottoir,Heijenoord/Lombok
189002.085900001,444348.0814,98,Bank,Trottoir,Heijenoord/Lombok
188801.536400001,444155.899599999,99,Bank,Speeltuin,Heijenoord/Lombok
188174.498100001,443685.9945,100,Bank,Overig,Klingelbeek e.o.
188457.3891,443863.342900001,101,Bank,Speeltuin,Klingelbeek e.o.
188465.402100001,443886.0143,102,Bank,Speeltuin,Klingelbeek e.o.
188075.844999999,443912.376699999,103,Bank,Overig,Klingelbeek e.o.
188168.0044,444005.7038,104,Bank,Bushalte,Klingelbeek e.o.
188154.228300001,444025.9822,105,Bank,Bushalte,Klingelbeek e.o.
188898.088500001,444002.928199999,106,Bank,Bushalte,Klingelbeek e.o.
189100.963799998,444195.6369,107,Bank,Speeltuin,Heijenoord/Lombok
189122.094300002,444250.618999999,108,Bank,Overig,Heijenoord/Lombok
189122.233399998,444243.015799999,109,Bank,Overig,Heijenoord/Lombok
189092.706500001,444243.3367,110,Bank,Overig,Heijenoord/Lombok
189092.4298,444250.995999999,111,Bank,Overig,Heijenoord/Lombok
189295.9296,444131.366300002,112,Bank,Bushalte,Centrum
189328.4703,444157.871399999,113,Bank,Bushalte,Heijenoord/Lombok
189357.261399999,444149.984700002,114,Bank,Trottoir,Centrum
189425.424699999,444167.047899999,115,Bank,Overig,Centrum
189422.444600001,444166.342099998,116,Bank,Overig,Centrum
190305.266399998,444344.9518,117,Bank,Speeltuin,Burgemeesterswijk/Hoogkamp
190200.258699998,444487.905200001,118,Bank,Trottoir,Burgemeesterswijk/Hoogkamp
190096.754900001,444537.955699999,119,Bank,Bushalte,Burgemeesterswijk/Hoogkamp
190019.603,444592.593800001,120,Bank,Trottoir,Burgemeesterswijk/Hoogkamp
189876.9364,444683.261599999,121,Bank,Trottoir,Burgemeesterswijk/Hoogkamp
189800.675900001,444707.880199999,122,Bank,Trottoir,Burgemeesterswijk/Hoogkamp
189813.7755,444696.050999999,123,Bank,Trottoir,Burgemeesterswijk/Hoogkamp
189746.617600001,444731.8389,124,Bank,Trottoir,Burgemeesterswijk/Hoogkamp
189598.032299999,444901.633400001,125,Bank,Trottoir,Burgemeesterswijk/Hoogkamp
188543.426100001,445235.1208,126,Bank,Bushalte,Burgemeesterswijk/Hoogkamp
188319.2005,445431.3816,127,Bank,Trottoir,Burgemeesterswijk/Hoogkamp
188319.982299998,445421.1241,128,Bank,Trottoir,Burgemeesterswijk/Hoogkamp
188484.565499999,445439.536200002,129,Bank,Speeltuin,Burgemeesterswijk/Hoogkamp
188899.888799999,445819.947299998,130,Bank,Bushalte,Burgemeesterswijk/Hoogkamp
188624.374200001,446759.760000002,131,Bank,Bushalte,Schaarsbergen
188404.3235,448058.395799998,132,Bank,Bushalte,Schaarsbergen
188915.373500001,445851.548500001,133,Bank,Bushalte,Burgemeesterswijk/Hoogkamp
188790.7313,445417.3935,134,Bank,Speeltuin,Burgemeesterswijk/Hoogkamp
188790.2667,445420.711300001,135,Bank,Speeltuin,Burgemeesterswijk/Hoogkamp
188715.0603,445392.3873,136,Bank,Speeltuin,Burgemeesterswijk/Hoogkamp
188596.737599999,445163.803199999,137,Bank,Bushalte,Klingelbeek e.o.
190710.035799999,444315.052900001,138,Bank,Speeltuin,Burgemeesterswijk/Hoogkamp
190656.2073,444278.333000001,139,Bank,Bushalte,Burgemeesterswijk/Hoogkamp
190950.426899999,444532.456700001,140,Bank,Trottoir,St. Marten/Sonsbeek
190945.5506,444532.0513,141,Bank,Trottoir,St. Marten/Sonsbeek
190944.048799999,444527.875999998,142,Bank,Trottoir,St. Marten/Sonsbeek
190952.4516,444530.201299999,143,Bank,Trottoir,St. Marten/Sonsbeek
190947.275199998,444525.261599999,144,Bank,Trottoir,St. Marten/Sonsbeek
190947.568,444426.657000002,145,Bank,Speeltuin,St. Marten/Sonsbeek
190943.235199999,444433.282299999,146,Bank,Speeltuin,St. Marten/Sonsbeek
190943.235199999,444433.282299999,147,Bank,Speeltuin,St. Marten/Sonsbeek
191035.4804,444735.941,148,Bank,Bushalte,St. Marten/Sonsbeek
191092.919199999,444741.337900002,149,Bank,Bushalte,St. Marten/Sonsbeek
191081.5176,444611.884399999,150,Bank,Trottoir,St. Marten/Sonsbeek
191059.275199998,444679.2489,151,Bank,Trottoir,St. Marten/Sonsbeek
191238.1598,444691.272700001,152,Bank,Speeltuin,St. Marten/Sonsbeek
190997.0163,444974.6899,153,Bank,Speeltuin,St. Marten/Sonsbeek
190994.144400001,444960.248,154,Bank,Speeltuin,St. Marten/Sonsbeek
190931.435699999,445160.9355,155,Bank,Trottoir,Alteveer/Cranevelt
190824.024599999,444877.107500002,156,Bank,Bushalte,St. Marten/Sonsbeek
191080.1831,445472.372200001,157,Bank,Bushalte,Alteveer/Cranevelt
191054.528299998,445465.9606,158,Bank,Bushalte,Alteveer/Cranevelt
191120.217999998,445847.663400002,159,Bank,Trottoir,Alteveer/Cranevelt
191125.8541,446142.772599999,160,Bank,Speeltuin,Alteveer/Cranevelt
191164.1109,446717.904800002,161,Bank,Bushalte,Alteveer/Cranevelt
190991.210700002,446709.045899998,162,Bank,Bushalte,Alteveer/Cranevelt
190973.827799998,446696.8365,163,Bank,Bushalte,Alteveer/Cranevelt
190777.966800001,446687.2874,164,Bank,Bushalte,Alteveer/Cranevelt
191109.5528,446562.814599998,165,Bank,Trottoir,Alteveer/Cranevelt
190954.0381,446314.242400002,166,Picknickbank,Trottoir,Alteveer/Cranevelt
190938.8323,446285.7837,167,Bijzondere bank,Trottoir,Alteveer/Cranevelt
190957.509399999,446316.911499999,168,Picknickbank,Trottoir,Alteveer/Cranevelt
190898.617699999,446291.071699999,169,Bank,Bushalte,Alteveer/Cranevelt
190905.399999999,446312.657600001,170,Bank,Bushalte,Alteveer/Cranevelt
190791.153900001,446429.912799999,171,Bank,Bushalte,Alteveer/Cranevelt
190498.715999998,446572.7038,172,Bank,Trottoir,Alteveer/Cranevelt
190538.292399999,446416.8013,173,Bank,Bushalte,Alteveer/Cranevelt
193516.005899999,443903.471099999,174,Bank,Park,Presikhaaf-Oost
190871.032499999,446233.5097,175,Bank,Speeltuin,Alteveer/Cranevelt
190812.4912,446191.326699998,176,Bijzondere bank,Overig,Alteveer/Cranevelt
190697.5141,446078.986900002,177,Bank,Bushalte,Alteveer/Cranevelt
190645.938099999,446104.199000001,178,Bank,Bushalte,Alteveer/Cranevelt
190519.1347,446073.953000002,179,Bank,Overig,Alteveer/Cranevelt
190250.210000001,446387.3994,180,Bank,Bushalte,Alteveer/Cranevelt
190596.178399999,446129.063299999,181,Bank,Overig,Alteveer/Cranevelt
190612.473499998,446085.4628,182,Bank,Trottoir,Alteveer/Cranevelt
190914.4738,445803.436299998,183,Bank,Bushalte,Alteveer/Cranevelt
190926.558200002,445834.134,184,Bank,Bushalte,Alteveer/Cranevelt
190934.329500001,445836.880800001,185,Bank,Bushalte,Alteveer/Cranevelt
191010.930100001,445850.169300001,186,Bank,Trottoir,Alteveer/Cranevelt
191016.943,445849.956300002,187,Bank,Trottoir,Alteveer/Cranevelt
190524.685400002,444322.021400001,188,Bank,Bushalte,Burgemeesterswijk/Hoogkamp
192933.4716,445681.637200002,189,Bank,Trottoir,Geitenkamp
193358.961199999,446039.316300001,190,Bank,Trottoir,Velperweg e.o.
191879.169599999,444586.324099999,191,Bank,Speeltuin,Klarendal
191865.841499999,444578.193700001,192,Bank,Speeltuin,Klarendal
191832.057100002,444683.265000001,193,Bank,Trottoir,Klarendal
188548.747099999,446281.690400001,194,Bank,Overig,Schaarsbergen
191549.911400001,444131.689100001,195,Bank,Trottoir,Spijkerkwartier
191552.931299999,444132.905999999,196,Bank,Trottoir,Spijkerkwartier
191471.033500001,444107.570700001,197,Bank,Trottoir,Spijkerkwartier
191473.386599999,444108.238899998,198,Bank,Trottoir,Spijkerkwartier
191361.028000001,444074.7337,199,Bank,Trottoir,Spijkerkwartier
191357.2258,444073.5451,200,Bank,Trottoir,Spijkerkwartier
191308.7357,444054.7773,201,Bank,Trottoir,Spijkerkwartier
191304.9397,444052.913699999,202,Bank,Trottoir,Spijkerkwartier
191120.687399998,443987.674400002,203,Bank,Trottoir,Centrum
191119.294799998,443985.538699999,204,Bank,Trottoir,Centrum
191133.974300001,443915.7095,205,Bank,Trottoir,Centrum
192713.221000001,444151.370700002,206,Picknickbank,Park,Presikhaaf-West
192756.010600001,444158.185199998,207,Bank,Park,Presikhaaf-West
192842.1877,444232.642900001,208,Bank,Park,Presikhaaf-West
192944.103500001,444299.672499999,209,Bank,Park,Presikhaaf-West
193035.920000002,444357.278000001,210,Bank,Park,Presikhaaf-West
193118.1754,444428.544500001,211,Bank,Park,Presikhaaf-West
193184.3112,444400.662500001,212,Picknickbank,Park,Presikhaaf-Oost
193128.716699999,444099.5348,213,Bank,Trottoir,Presikhaaf-West
193135.8026,444094.858800001,214,Bank,Trottoir,Presikhaaf-West
193189.1171,444181.5656,215,Picknickbank,Speeltuin,Presikhaaf-West
193199.318799999,443985.458999999,216,Bank,Trottoir,Presikhaaf-West
193195.819899999,443982.7291,217,Bank,Trottoir,Presikhaaf-West
193198.3028,443963.6129,218,Bank,Trottoir,Presikhaaf-West
193006.959800001,443977.546999998,219,Bank,Park,Presikhaaf-West
192893.9111,443949.385600001,220,Bank,Speeltuin,Presikhaaf-West
192879.104200002,443949.636799999,221,Bank,Speeltuin,Presikhaaf-West
192900.448100001,443794.346500002,222,Bank,Speeltuin,Presikhaaf-West
192904.371399999,443794.735399999,223,Bank,Speeltuin,Presikhaaf-West
192932.9571,443792.8506,224,Bank,Speeltuin,Presikhaaf-West
192923.249299999,443736.9342,225,Bank,Park,Presikhaaf-West
193062.667800002,443677.101500001,226,Bank,Park,Presikhaaf-West
195188.032400001,443997.7863,227,Bank,Park,Presikhaaf-Oost
195135.184900001,444010.810600001,228,Bank,Park,Presikhaaf-Oost
194927.4091,444167.0506,229,Bank,Park,Presikhaaf-Oost
194837.570700001,444165.441100001,230,Bank,Park,Presikhaaf-Oost
194876.7859,444131.1184,231,Bank,Park,Presikhaaf-Oost
194820.905299999,444127.925700001,232,Bank,Speeltuin,Presikhaaf-Oost
194786.791000001,444118.055,233,Bank,Speeltuin,Presikhaaf-Oost
194833.571800001,444206.121399999,234,Bank,Park,Presikhaaf-Oost
194803.866999999,444204.3477,235,Bank,Park,Presikhaaf-Oost
194141.685800001,444373.316399999,236,Bank,Speeltuin,Presikhaaf-Oost
194379.363600001,444245.262899999,237,Bank,Park,Presikhaaf-Oost
194427.901500002,444193.069499999,238,Bank,Bushalte,Presikhaaf-Oost
194418.908599999,444121.718800001,239,Bank,Speeltuin,Presikhaaf-Oost
194518.607700001,444036.452100001,240,Bank,Park,Presikhaaf-Oost
194422.7711,444016.4287,241,Bank,Speeltuin,Presikhaaf-Oost
194418.2936,444021.629299998,242,Bank,Speeltuin,Presikhaaf-Oost
194430.603700001,443998.0288,243,Bank,Speeltuin,Presikhaaf-Oost
194429.2806,443992.842099998,244,Bank,Speeltuin,Presikhaaf-Oost
194438.238200001,443979.118000001,245,Bank,Speeltuin,Presikhaaf-Oost
194463.165899999,443999.2108,246,Picknickbank,Park,Presikhaaf-Oost
194578.461800002,443897.482700001,247,Picknickbank,Park,Presikhaaf-Oost
194549.309300002,443876.083700001,248,Bank,Park,Presikhaaf-Oost
194544.639899999,443872.499600001,249,Bank,Park,Presikhaaf-Oost
194627.7698,443931.841899998,250,Bank,Park,Presikhaaf-Oost
194590.245000001,443865.438200001,251,Bank,Park,Presikhaaf-Oost
194701.384599999,443898.6382,252,Bank,Bushalte,Presikhaaf-Oost
194763.18,443825.849399999,253,Bank,Trottoir,Presikhaaf-Oost
194767.819699999,443816.8094,254,Bank,Trottoir,Presikhaaf-Oost
194759.516399998,443803.735599998,255,Bank,Trottoir,Presikhaaf-Oost
194773.361699998,443758.806400001,256,Bank,Trottoir,Presikhaaf-Oost
194774.927499998,443756.947099999,257,Bank,Trottoir,Presikhaaf-Oost
194859.736900002,443998.854400001,258,Bank,Trottoir,Presikhaaf-Oost
195009.513900001,443967.978300001,259,Bank,Speeltuin,Presikhaaf-Oost
194941.645100001,443679.361200001,260,Bank,Speeltuin,Presikhaaf-Oost
194907.810800001,443670.167199999,261,Bank,Speeltuin,Presikhaaf-Oost
194688.767700002,443522.918499999,262,Bank,Speeltuin,Presikhaaf-Oost
194465.195099998,443598.130800001,263,Bank,Bushalte,Presikhaaf-Oost
194299.511399999,443813.444200002,264,Bank,Speeltuin,Presikhaaf-Oost
194224.7643,444176.437199999,265,Bank,Bushalte,Presikhaaf-Oost
194264.685899999,444433.751600001,266,Bank,Speeltuin,Presikhaaf-Oost
194250.283399999,444461.544300001,267,Bank,Bushalte,Presikhaaf-Oost
194292.2249,444476.0035,268,Bank,Bushalte,Presikhaaf-Oost
194192.637600001,443640.047800001,269,Bank,Speeltuin,Presikhaaf-West
194127.737799998,443733.539700001,270,Bank,Speeltuin,Presikhaaf-West
193945.631099999,443745.0616,271,Bank,Trottoir,Presikhaaf-West
193941.479499999,443742.262899999,272,Bank,Trottoir,Presikhaaf-West
193930.407299999,443733.891800001,273,Bank,Trottoir,Presikhaaf-West
193927.125399999,443732.0964,274,Bank,Trottoir,Presikhaaf-West
193913.397100002,443721.4067,275,Bank,Trottoir,Presikhaaf-West
193910.357799999,443719.539900001,276,Bank,Trottoir,Presikhaaf-West
193821.276500002,443681.269699998,277,Bank,Speeltuin,Presikhaaf-West
193927.285500001,443626.7469,278,Bank,Speeltuin,Presikhaaf-West
193900.489999998,443624.175099999,279,Bank,Speeltuin,Presikhaaf-West
193897.343600001,443603.612300001,280,Picknickbank,Speeltuin,Presikhaaf-West
193910.756200001,443605.997900002,281,Bank,Speeltuin,Presikhaaf-West
193952.553300001,443523.7469,282,Bank,Park,Presikhaaf-West
194205.371599998,443389.967399999,283,Bank,Trottoir,Presikhaaf-West
193796.190400001,443247.223000001,284,Bank,Speeltuin,Presikhaaf-West
193798.073100001,443238.854899999,285,Picknickbank,Speeltuin,Presikhaaf-West
193756.259100001,443227.430599999,286,Bank,Trottoir,Presikhaaf-West
193745.940299999,443236.707400002,287,Bank,Trottoir,Presikhaaf-West
193637.682999998,443580.340999998,288,Bank,Park,Presikhaaf-West
193619.268800002,443773.907600001,289,Picknickbank,Overig,Presikhaaf-West
193617.9483,443777.02,290,Picknickbank,Overig,Presikhaaf-West
193698.877700001,443831.995200001,291,Bank,Speeltuin,Presikhaaf-West
193716.686700001,443784.014800001,292,Bank,Park,Presikhaaf-West
194041.293299999,443901.092,293,Bank,Speeltuin,Presikhaaf-West
194053.4386,443928.741599999,294,Bank,Park,Presikhaaf-West
194049.971999999,443988.700399999,295,Bank,Park,Presikhaaf-West
194044.339499999,443999.0319,296,Picknickbank,Park,Presikhaaf-West
194038.469599999,444046.986499999,297,Bank,Park,Presikhaaf-West
194035.3046,444039.6965,298,Bank,Park,Presikhaaf-West
193927.0777,444041.450300001,299,Bank,Trottoir,Presikhaaf-Oost
193922.945900001,444039.767499998,300,Bank,Trottoir,Presikhaaf-Oost
193920.835200001,444056.328899998,301,Bank,Trottoir,Presikhaaf-Oost
193916.409499999,444054.468499999,302,Bank,Trottoir,Presikhaaf-Oost
193835.315200001,444148.895199999,303,Bank,Speeltuin,Presikhaaf-Oost
193544.200199999,444071.8105,304,Bank,Overig,Presikhaaf-Oost
193541.213599999,444073.124899998,305,Bank,Overig,Presikhaaf-Oost
193543.219099998,444075.531500001,306,Bank,Overig,Presikhaaf-Oost
193736.324499998,443941.601199999,307,Bank,Trottoir,Presikhaaf-Oost
193487.175999999,443890.313299999,308,Bank,Park,Presikhaaf-Oost
193499.779399998,443896.244199999,309,Bank,Park,Presikhaaf-Oost
193321.643800002,443794.889199998,310,Bank,Trottoir,Presikhaaf-West
193306.8926,443791.280900002,311,Bank,Speeltuin,Presikhaaf-West
193303.583900001,443790.762899999,312,Bank,Speeltuin,Presikhaaf-West
193350.757399999,443526.537999999,313,Bank,Park,Presikhaaf-West
193442.5973,443467.613299999,314,Bank,Park,Presikhaaf-West
193764.925500002,444614.643300001,315,Bank,Bushalte,Presikhaaf-Oost
194145.547800001,444424.423099998,316,Bijzondere bank,Trottoir,Presikhaaf-Oost
193973.4155,444647.550000001,317,Bank,Speeltuin,Presikhaaf-Oost
193660.206799999,444832.911899999,318,Bank,Park,Presikhaaf-Oost
193578.780699998,445193.322700001,319,Bank,Bushalte,Velperweg e.o.
193452.577599999,445469.613200001,320,Bank,Speeltuin,Velperweg e.o.
193447.600400001,445456.903000001,321,Bank,Speeltuin,Velperweg e.o.
193392.1116,445346.659000002,322,Bank,Trottoir,Velperweg e.o.
193390.727600001,445355.568599999,323,Bank,Trottoir,Velperweg e.o.
193730.972800002,445603.444499999,324,Bank,Speeltuin,Velperweg e.o.
193552.204500001,446235.735300001,325,Bank,Park,Velperweg e.o.
193453.288699999,446274.066799998,326,Bank,Speeltuin,Monnikenhuizen
193446.9663,446254.3906,327,Bank,Speeltuin,Monnikenhuizen
193322.379900001,446376.011700001,328,Bank,Trottoir,Monnikenhuizen
193243.942400001,446527.945599999,329,Bank,Bushalte,Monnikenhuizen
193242.409400001,446540.257399999,330,Bank,Bushalte,Monnikenhuizen
193277.6186,446671.921999998,331,Bank,Speeltuin,Monnikenhuizen
193060.958999999,446657.854499999,332,Bank,Bushalte,Geitenkamp
192845.110199999,446550.3924,333,Bank,Bushalte,Geitenkamp
192805.699700002,446508.439300001,334,Bank,Bushalte,Geitenkamp
193169.350299999,446262.283599999,335,Bank,Overig,Monnikenhuizen
193179.975099999,446261.807599999,336,Bank,Overig,Monnikenhuizen
193174.509300001,446261.783199999,337,Bank,Overig,Monnikenhuizen
193185.221799999,446273.525400002,338,Bank,Overig,Monnikenhuizen
193177.195500001,446274.928800002,339,Bank,Overig,Monnikenhuizen
193162.7881,446278.3475,340,Bank,Overig,Monnikenhuizen
193164.730300002,446071.581900001,341,Bank,Trottoir,Monnikenhuizen
193168.593199998,446040.8836,342,Bank,Trottoir,Monnikenhuizen
193163.627099998,445925.689300001,343,Bank,Bushalte,Geitenkamp
193028.060800001,446037.077599999,344,Bank,Trottoir,Geitenkamp
193018.922400001,446044.454,345,Bank,Trottoir,Geitenkamp
192650.519499999,446277.7777,346,Bank,Bushalte,Geitenkamp
192753.9606,446417.501699999,347,Bank,Bushalte,Geitenkamp
192733.412300002,446601.038899999,348,Bank,Overig,Monnikenhuizen
192576.039000001,446367.064100001,349,Bank,Park,Monnikenhuizen
192551.815400001,446381.595100001,350,Bank,Park,Monnikenhuizen
192569.3356,446351.566300001,351,Bank,Park,Monnikenhuizen
192568.903000001,446333.672600001,352,Bank,Speeltuin,Monnikenhuizen
192570.709899999,446333.1446,353,Bank,Speeltuin,Monnikenhuizen
192568.955600001,446330.903499998,354,Bank,Speeltuin,Monnikenhuizen
192618.436700001,446278.2104,355,Bank,Trottoir,Monnikenhuizen
193214.991500001,445913.589600001,356,Bank,Trottoir,Geitenkamp
192052.611000001,446596.166200001,357,Bank,Trottoir,Monnikenhuizen
192129.397100002,446361.796,358,Bank,Bushalte,Monnikenhuizen
192265.894099999,446065.622000001,359,Bank,Bushalte,Monnikenhuizen
192039.586199999,446120.923599999,360,Bank,Speeltuin,Monnikenhuizen
192064.009500001,446267.800000001,361,Bank,Speeltuin,Monnikenhuizen
191815.122099999,446298.1952,362,Picknickbank,Speeltuin,Monnikenhuizen
191833.6494,446141.986900002,363,Bank,Trottoir,Monnikenhuizen
191847.4663,446141.344700001,364,Bank,Trottoir,Monnikenhuizen
193203.022999998,444913.846000001,365,Bank,Bushalte,Velperweg e.o.
193132.335000001,444875.1054,366,Bank,Trottoir,Velperweg e.o.
193017.969900001,444821.405200001,367,Bank,Trottoir,Velperweg e.o.
192568.1283,445085.083700001,368,Bank,Speeltuin,Velperweg e.o.
192422.727899998,445102.136399999,369,Bank,Park,Monnikenhuizen
192425.060199998,445106.962400001,370,Bank,Park,Monnikenhuizen
192401.0984,445158.486200001,371,Bank,Park,Monnikenhuizen
192349.270599999,445182.413199998,372,Bank,Park,Monnikenhuizen
192292.9153,445186.784600001,373,Bank,Park,Monnikenhuizen
192352.813200001,445144.7511,374,Bank,Park,Monnikenhuizen
192360.320900001,445141.4439,375,Bank,Park,Monnikenhuizen
192353.700800002,445126.186700001,376,Bank,Park,Monnikenhuizen
192344.591499999,445129.7392,377,Bank,Park,Monnikenhuizen
192161.005800001,445205.726399999,378,Bank,Park,Monnikenhuizen
192158.756299999,445201.913699999,379,Bank,Park,Monnikenhuizen
191924.077799998,444981.280900002,380,Bank,Speeltuin,Klarendal
191978.144000001,444731.442400001,381,Bank,Speeltuin,Klarendal
191979.246199999,444732.5196,382,Bank,Speeltuin,Klarendal
191823.1096,444772.222600002,383,Bank,Speeltuin,Klarendal
191824.796,444773.415800001,384,Bank,Speeltuin,Klarendal
191826.970100001,444774.238000002,385,Bank,Speeltuin,Klarendal
191827.055199999,444768.526500002,386,Picknickbank,Speeltuin,Klarendal
191657.889400002,444780.6316,387,Bank,Speeltuin,Klarendal
191669.995700002,444757.444899999,388,Bank,Speeltuin,Klarendal
191715.1281,444881.008099999,389,Bank,Speeltuin,Klarendal
191813.8893,445059.628199998,390,Bank,Speeltuin,Klarendal
191672.337900002,445036.125999998,391,Bank,Speeltuin,Klarendal
191648.500399999,444865.172400001,392,Bank,Bushalte,Klarendal
191482.8869,444830.626699999,393,Bank,Speeltuin,Klarendal
191430.252300002,444671.753800001,394,Bank,Trottoir,Klarendal
191498.162599999,444459.5436,395,Bank,Trottoir,Klarendal
191399.1327,444401.338,396,Bank,Trottoir,Klarendal
191395.840300001,444395.746800002,397,Bank,Trottoir,Klarendal
191372.599800002,444375.158,398,Bank,Trottoir,Klarendal
191368.4465,444374.143399999,399,Bank,Trottoir,Klarendal
191294.824200001,444478.136999998,400,Bank,Speeltuin,Klarendal
191307.387600001,444480.492699999,401,Bank,Speeltuin,Klarendal
191429.140000001,444368.381200001,402,Bank,Trottoir,Klarendal
191746.721999999,444476.335499998,403,Bank,Speeltuin,Klarendal
191078.7192,444468.944200002,404,Bank,Speeltuin,St. Marten/Sonsbeek
191407.658399999,444211.7324,405,Bank,Trottoir,Spijkerkwartier
191408.245000001,444209.0583,406,Bank,Trottoir,Spijkerkwartier
191236.5667,444217.313900001,407,Bank,Speeltuin,Spijkerkwartier
188721.664099999,439675.2119,408,Bank,Park,De Laar
193855.563700002,444518.905999999,409,Bank,Bushalte,Presikhaaf-Oost
193234.334600002,444888.558699999,410,Bank,Trottoir,Velperweg e.o.
193235.923,444886.068700001,411,Bank,Trottoir,Velperweg e.o.
193084.1503,444523.6624,412,Bank,Bushalte,Velperweg e.o.
193094.1818,444538.183699999,413,Bank,Bushalte,Velperweg e.o.
191944.030999999,444170.101599999,414,Bank,Speeltuin,Velperweg e.o.
192283.9463,444076.946899999,415,Bank,Speeltuin,Velperweg e.o.
192044.450300001,444272.098700002,416,Bank,Park,Velperweg e.o.
192039.642999999,444270.734099999,417,Bank,Park,Velperweg e.o.
192072.152899999,444279.761700001,418,Bank,Park,Velperweg e.o.
192074.676199999,444280.667800002,419,Bank,Park,Velperweg e.o.
192092.134300001,444291.1426,420,Bank,Park,Velperweg e.o.
192120.124000002,444285.080400001,421,Bank,Park,Velperweg e.o.
192233.216499999,444384.163699999,422,Bank,Speeltuin,Velperweg e.o.
190360.914799999,439097.067699999,423,Bank,Bushalte,Rijkerswoerd
190312.841499999,438797.9069,424,Bank,Speeltuin,Rijkerswoerd
190378.896699999,438886.09,425,Bank,Speeltuin,Rijkerswoerd
189764.614,439173.479499999,426,Bank,Park,Rijkerswoerd
190002.113200001,439323.930599999,427,Bank,Bushalte,Rijkerswoerd
189764.764400002,439464.523699999,428,Bank,Bushalte,Rijkerswoerd
189671.138500001,439479.251499999,429,Bank,Speeltuin,Rijkerswoerd
189742.592300002,439327.450800002,430,Bank,Speeltuin,Rijkerswoerd
189738.165100001,439321.213799998,431,Bank,Speeltuin,Rijkerswoerd
194760.743799999,443817.009599999,432,Bank,Trottoir,Presikhaaf-Oost
194642.951699998,443715.6866,433,Bank,Bushalte,Presikhaaf-Oost
190756.440900002,442652.1085,434,Bank,Park,Malburgen-West
190758.609000001,442655.576200001,435,Bank,Park,Malburgen-West
190701.230700001,442576.323800001,436,Bank,Park,Malburgen-West
190696.951400001,442570.271600001,437,Bank,Park,Malburgen-West
190545.473000001,442714.7086,438,Bank,Park,Malburgen-West
190537.275199998,442712.6587,439,Bank,Park,Malburgen-West
190437.595699999,442740.315299999,440,Bank,Park,Malburgen-West
190371.350000001,442700.648200002,441,Bank,Park,Malburgen-West
190110.660799999,442549.915800001,442,Bank,Speeltuin,Malburgen-West
190111.115899999,442551.8981,443,Bank,Speeltuin,Malburgen-West
189945.3539,442548.233399998,444,Bank,Trottoir,Malburgen-West
189901.010200001,442513.486699998,445,Bank,Park,Malburgen-West
189901.011700001,442514.690699998,446,Bank,Park,Malburgen-West
189956.284200002,442443.830699999,447,Bank,Speeltuin,Malburgen-West
189955.267099999,442444.056499999,448,Bank,Speeltuin,Malburgen-West
189982.508499999,442435.247400001,449,Bank,Speeltuin,Malburgen-West
189964.154800002,442412.897100002,450,Bank,Speeltuin,Malburgen-West
189951.903200001,442379.5656,451,Bank,Park,Malburgen-West
189848.698800001,442468.469000001,452,Bank,Park,Malburgen-West
189980.993999999,442435.7214,453,Bank,Speeltuin,Malburgen-West
189979.396600001,442436.366300002,454,Bank,Speeltuin,Malburgen-West
189977.809099998,442436.961599998,455,Bank,Speeltuin,Malburgen-West
189962.9263,442413.843600001,456,Bank,Speeltuin,Malburgen-West
189961.438000001,442415.034200002,457,Bank,Speeltuin,Malburgen-West
190824.3675,441245.343899999,458,Bank,Speeltuin,Malburgen-Oost (Zuid)
190627.470199998,441912.319400001,459,Picknickbank,Park,Malburgen-Oost (Zuid)
190082.2905,442259.393399999,460,Bank,Park,Malburgen-West
190174.059,442172.874499999,461,Bank,Trottoir,Malburgen-West
193753.8083,443360.279199999,462,Picknickbank,Speeltuin,Presikhaaf-West
193685.3013,443448.338,463,Bank,Speeltuin,Presikhaaf-West
193683.476300001,443450.209600002,464,Bank,Speeltuin,Presikhaaf-West
193746.899599999,444210.889800001,465,Bank,Bushalte,Presikhaaf-Oost
193778.205800001,444197.671799999,466,Bank,Bushalte,Presikhaaf-Oost
191178.175099999,445349.9296,467,Bank,Park,Alteveer/Cranevelt
188588.528499998,439866.342399999,468,Bank,Bushalte,De Laar
188584.0493,439871.4756,469,Bank,Bushalte,De Laar
192410.704,443857.727000002,470,Bank,Trottoir,Arnhemse Broek
192424.018300001,443722.587099999,471,Bank,Speeltuin,Arnhemse Broek
192365.549199998,443795.555799998,472,Bijzondere bank,Trottoir,Arnhemse Broek
191007.561099999,442924.804200001,473,Picknickbank,Overig,Malburgen-Oost (Noord)
191084.6395,442623.429200001,474,Bank,Park,Malburgen-Oost (Noord)
191086.946899999,442623.943500001,475,Bank,Park,Malburgen-Oost (Noord)
189468.2007,441512.436099999,476,Bank,Overig,Elden
189341.646499999,441172.530299999,477,Bank,Overig,Elden
189089.1184,440961.502999999,478,Bank,Trottoir,Elden
188824.618900001,440709.593400002,479,Bank,Trottoir,Elden
191921.944800001,442304.936999999,480,Bank,Trottoir,Malburgen-Oost (Noord)
191926.8968,442302.077799998,481,Bank,Trottoir,Malburgen-Oost (Noord)
190966.601300001,442677.174699999,482,Bank,Park,Malburgen-Oost (Noord)
190964.1208,442678.464499999,483,Bank,Park,Malburgen-Oost (Noord)
191323.888700001,442478.439100001,484,Bank,Park,Malburgen-Oost (Noord)
190807.472800002,442618.331300002,485,Bank,Park,Malburgen-Oost (Noord)
190808.699000001,442620.473299999,486,Bank,Park,Malburgen-Oost (Noord)
190785.305300001,442589.940900002,487,Bank,Speeltuin,Malburgen-Oost (Noord)
190723.3486,442459.2751,488,Bank,Park,Malburgen-Oost (Noord)
190723.7951,442461.7555,489,Bank,Park,Malburgen-Oost (Noord)
192040.7377,442153.646699999,490,Bank,Speeltuin,Malburgen-Oost (Noord)
192060.236699998,441919.977499999,491,Bank,Speeltuin,Malburgen-Oost (Noord)
192064.006999999,441922.5572,492,Bank,Speeltuin,Malburgen-Oost (Noord)
192131.292800002,441870.423300002,493,Bank,Overig,Malburgen-Oost (Noord)
192131.441599999,441873.151900001,494,Bank,Overig,Malburgen-Oost (Noord)
192034.516800001,441893.125300001,495,Bank,Park,Malburgen-Oost (Noord)
191946.745000001,441922.5528,496,Bank,Park,Malburgen-Oost (Noord)
190558.528099999,442290.944499999,497,Bank,Park,Malburgen-West
190570.220600002,442197.942400001,498,Bank,Speeltuin,Malburgen-Oost (Zuid)
190584.805799998,442211.337000001,499,Picknickbank,Speeltuin,Malburgen-Oost (Zuid)
190659.314300001,442139.1096,500,Bank,Overig,Malburgen-Oost (Zuid)
190736.2586,442085.481800001,501,Bank,Overig,Malburgen-Oost (Zuid)
190733.133200001,442087.763799999,502,Bank,Overig,Malburgen-Oost (Zuid)
190778.178599998,442054.872699998,503,Bank,Overig,Malburgen-Oost (Zuid)
190781.254299998,442052.640299998,504,Bank,Overig,Malburgen-Oost (Zuid)
191107.2905,441936.124000002,505,Bank,Speeltuin,Malburgen-Oost (Zuid)
191237.8347,443465.522999998,506,Bank,Trottoir,Centrum
190794.3389,443498.9285,507,Bank,Trottoir,Centrum
190785.410999998,443503.0341,508,Bank,Trottoir,Centrum
190666.281199999,443485.6457,509,Bank,Trottoir,Centrum
190666.8851,443483.357700001,510,Bank,Trottoir,Centrum
190830.172600001,443439.357000001,511,Picknickbank,Trottoir,Centrum
190957.6358,442236.415399998,512,Bank,Park,Malburgen-Oost (Noord)
190952.7245,442239.788899999,513,Bank,Park,Malburgen-Oost (Noord)
190912.973299999,443230.754500002,514,Bank,Park,Centrum
190920.033599999,443227.450300001,515,Bank,Park,Centrum
191492.004999999,442111.429699998,516,Bank,Speeltuin,Malburgen-Oost (Noord)
191493.989399999,442118.523800001,517,Bank,Speeltuin,Malburgen-Oost (Noord)
191506.138300002,442121.772500001,518,Bank,Speeltuin,Malburgen-Oost (Noord)
191926.467900001,441719.430100001,519,Bank,Speeltuin,Malburgen-Oost (Noord)
191926.9428,441730.871100001,520,Bank,Speeltuin,Malburgen-Oost (Noord)
190929.776999999,443224.040100001,521,Bank,Park,Centrum
190954.0123,443643.501899999,522,Bank,Trottoir,Centrum
190950.875500001,443647.830499999,523,Bank,Trottoir,Centrum
190921.265799999,443872.761399999,524,Bank,Trottoir,Centrum
190928.681899998,443884.2119,525,Bank,Trottoir,Centrum
190922.214299999,443902.115200002,526,Bank,Trottoir,Centrum
190919.560600001,443905.265500002,527,Bank,Trottoir,Centrum
191513.3116,440564.263,528,Bank,Park,Vredenburg/Kronenburg
191587.724800002,440577.664000001,529,Bank,Park,Vredenburg/Kronenburg
191025.267099999,443875.6285,530,Bank,Trottoir,Centrum
191074.024099998,443671.422499999,531,Bank,Trottoir,Centrum
188575.6666,439736.621100001,532,Bank,Speeltuin,De Laar
188583.831700001,439734.322099999,533,Bank,Speeltuin,De Laar
188616.191399999,439717.9683,534,Bank,Speeltuin,De Laar
189781.981600001,444117.559999999,535,Bank,Park,Centrum
189787.8147,444115.5211,536,Bank,Park,Centrum
189578.9976,444227.335099999,537,Bank,Park,Centrum
189552.088799998,444149.773499999,538,Bank,Trottoir,Centrum
189496.733100001,444147.675900001,539,Bank,Trottoir,Centrum
189469.5988,444143.645500001,540,Bank,Trottoir,Centrum
189448.610300001,444140.993700001,541,Bank,Trottoir,Centrum
189414.234099999,444134.771499999,542,Bank,Trottoir,Centrum
189390.528000001,444130.2007,543,Bank,Trottoir,Centrum
189341.556600001,444116.318999998,544,Bank,Trottoir,Centrum
188084.949700002,440008.206,545,Bank,Speeltuin,De Laar
188083.8583,440010.934599999,546,Bank,Speeltuin,De Laar
188082.766899999,440012.819699999,547,Bank,Speeltuin,De Laar
188071.1074,440041.814800002,548,Bank,Speeltuin,De Laar
188073.389400002,440044.493700001,549,Bank,Speeltuin,De Laar
189942.0572,443949.086100001,550,Bank,Park,Centrum
189815.8906,444143.765799999,551,Bank,Trottoir,Centrum
189819.605300002,444141.605599999,552,Bank,Trottoir,Centrum
190175.077399999,443967.220899999,553,Bank,Overig,Centrum
191649.504299998,442696.699999999,554,Bank,Trottoir,Arnhemse Broek
190987.211100001,443199.237100001,555,Bank,Park,Centrum
191002.945099998,443191.0517,556,Bank,Park,Centrum
190994.324700002,443195.772500001,557,Bank,Park,Centrum
190422.8222,443732.7324,558,Bijzondere bank,Park,Centrum
190369.497900002,443564.999400001,559,Bank,Trottoir,Centrum
190366.086300001,443568.297499999,560,Bank,Trottoir,Centrum
190481.3827,443474.8693,561,Bank,Trottoir,Centrum
190485.186700001,443471.750999998,562,Bank,Trottoir,Centrum
190508.266600002,443455.9234,563,Bank,Trottoir,Centrum
190510.0035,443454.472600002,564,Bank,Trottoir,Centrum
190701.398400001,443326.640299998,565,Bank,Trottoir,Centrum
190760.754799999,443289.263300002,566,Bank,Trottoir,Centrum
190528.806000002,443510.224599998,567,Bank,Park,Centrum
190449.819499999,443593.088500001,568,Bank,Trottoir,Centrum
190439.855599999,443597.298300002,569,Bank,Trottoir,Centrum
190441.7905,443604.600099999,570,Bank,Speeltuin,Centrum
190439.5724,443606.507300001,571,Bank,Speeltuin,Centrum
190658.7027,443511.932799999,572,Bank,Trottoir,Centrum
190657.323399998,443510.287500001,573,Bank,Trottoir,Centrum
190661.364599999,443514.5374,574,Bank,Trottoir,Centrum
190662.761999998,443515.9362,575,Bank,Trottoir,Centrum
190681.185899999,443556.932500001,576,Bank,Trottoir,Centrum
190682.878199998,443559.0601,577,Bank,Trottoir,Centrum
190684.291700002,443560.491500001,578,Bank,Trottoir,Centrum
190600.355599999,443788.625100002,579,Bank,Trottoir,Centrum
190693.153499998,443744.883400001,580,Bank,Trottoir,Centrum
190693.2753,443739.525400002,581,Bank,Trottoir,Centrum
190765.141199999,443750.2905,582,Bank,Trottoir,Centrum
190807.094900001,443606.610300001,583,Bank,Trottoir,Centrum
190778.227899998,443558.3796,584,Bank,Trottoir,Centrum
190780.134500001,443558.372299999,585,Bank,Trottoir,Centrum
190776.465,443558.463599999,586,Bank,Trottoir,Centrum
190760.284499999,443452.846500002,587,Bank,Trottoir,Centrum
190758.8847,443451.742600001,588,Bank,Trottoir,Centrum
191003.747900002,443235.660300002,589,Bank,Trottoir,Centrum
188510.603,439560.347600002,590,Bank,Bushalte,De Laar
188403.801899999,439524.352600001,591,Bank,Bushalte,De Laar
188367.890500002,439534.357500002,592,Bank,Bushalte,De Laar
188191.3462,439669.078000002,593,Bank,Bushalte,De Laar
188198.892499998,439717.682,594,Bank,Bushalte,De Laar
187978.246599998,439723.112799998,595,Bank,Speeltuin,De Laar
188077.601399999,439856.8292,596,Bank,Bushalte,De Laar
188034.761999998,439909.982500002,597,Bank,Bushalte,De Laar
188061.9811,440052.195300002,598,Bank,Bushalte,De Laar
188526.630399998,440440.2401,599,Bank,Bushalte,De Laar
188649.033,439967.835499998,600,Bank,Speeltuin,De Laar
190636.2278,441953.0011,601,Bank,Speeltuin,Malburgen-Oost (Zuid)
190511.102600001,441894.584399998,602,Bank,Bushalte,Malburgen-Oost (Zuid)
190464.271200001,441922.068,603,Bank,Bushalte,Malburgen-Oost (Zuid)
191912.409699999,440748.7663,604,Bank,Bushalte,Malburgen-Oost (Zuid)
191534.751800001,441775.379299998,605,Bank,Bushalte,Malburgen-Oost (Noord)
191305.9716,441975.462299999,606,Bank,Bushalte,Malburgen-Oost (Noord)
191236.468699999,442007.162700001,607,Bank,Bushalte,Malburgen-Oost (Zuid)
191534.489300001,441752.348099999,608,Bank,Bushalte,Malburgen-Oost (Zuid)
190979.230799999,442205.015799999,609,Bank,Bushalte,Malburgen-Oost (Noord)
190783.9142,442288.027899999,610,Bank,Bushalte,Malburgen-Oost (Zuid)
190771.8585,442321.2194,611,Bank,Bushalte,Malburgen-Oost (Noord)
189564.900899999,439625.8138,612,Bank,Bushalte,Rijkerswoerd
189304.0528,439836.733399998,613,Bank,Bushalte,Rijkerswoerd
189238.866,439856.180300001,614,Bank,Bushalte,Rijkerswoerd
189236.887899999,440232.099599998,615,Bank,Bushalte,Rijkerswoerd
189263.834100001,440409.9289,616,Bank,Bushalte,Rijkerswoerd
192619.844500002,443624.0678,617,Bank,Speeltuin,Arnhemse Broek
192625.455899999,443627.307999998,618,Bank,Speeltuin,Arnhemse Broek
189080.1153,440383.606899999,619,Bank,Bushalte,Rijkerswoerd
188556.512200002,439518.729499999,620,Bank,Speeltuin,De Laar
188485.561500002,439513.298799999,621,Bank,Speeltuin,De Laar
188524.829700001,439379.227400001,622,Bank,Speeltuin,De Laar
188527.1149,439383.127999999,623,Bank,Speeltuin,De Laar
188267.086199999,439524.173799999,624,Bank,Speeltuin,De Laar
187825.404199999,439691.707600001,625,Bank,Speeltuin,De Laar
187934.1653,439623.916000001,626,Bank,Speeltuin,De Laar
188260.794300001,439631.312399998,627,Bank,Speeltuin,De Laar
188264.920600001,439624.375599999,628,Picknickbank,Speeltuin,De Laar
188444.6457,439766.077100001,629,Bank,Speeltuin,De Laar
188492.9056,439811.614399999,630,Bank,Park,De Laar
188292.428199999,439892.988899998,631,Bijzondere bank,Park,De Laar
188263.636100002,439908.774099998,632,Bank,Speeltuin,De Laar
188142.2225,439995.007800002,633,Bank,Park,De Laar
188144.490499999,439994.6514,634,Bank,Park,De Laar
188206.6646,440031.513999999,635,Bank,Park,De Laar
188224.404800002,440027.1105,636,Bank,Park,De Laar
188605.0669,440005.530200001,637,Bank,Speeltuin,De Laar
188213.440699998,440591.5152,638,Bank,Park,De Laar
188003.852000002,440460.574099999,639,Bank,Speeltuin,De Laar
188311.693799999,440446.552000001,640,Bank,Speeltuin,De Laar
188103.697799999,440336.532499999,641,Bank,Speeltuin,De Laar
188036.074000001,440244.015999999,642,Bank,Speeltuin,De Laar
188037.961100001,440064.4641,643,Bank,Trottoir,De Laar
187937.963500001,440049.027399998,644,Bank,Speeltuin,De Laar
187835.893100001,439910.7084,645,Bank,Speeltuin,De Laar
187858.687399998,439932.949900001,646,Bank,Speeltuin,De Laar
187806.3169,439862.4901,647,Bank,Speeltuin,De Laar
187864.661499999,440080.580499999,648,Bank,Speeltuin,De Laar
187864.7346,440078.217500001,649,Bank,Speeltuin,De Laar
187841.405999999,440100.836199999,650,Bank,Speeltuin,De Laar
187708.115200002,439729.835999999,651,Bank,Bushalte,De Laar
187702.873100001,439709.375500001,652,Bank,Bushalte,De Laar
188445.930100001,439752.211399999,653,Bank,Speeltuin,De Laar
187386.9965,439874.3869,654,Bank,Park,De Laar
187577.274300002,439760.8638,655,Bank,Bushalte,De Laar
187476.322900001,439853.750799999,656,Bank,Bushalte,De Laar
187322.699200001,440070.3455,657,Bank,Bushalte,De Laar
189460.0821,440576.544500001,658,Bank,Bushalte,Rijkerswoerd
189464.9463,440624.353799999,659,Bank,Bushalte,Rijkerswoerd
189734.962499999,440862.380100001,660,Bank,Bushalte,Vredenburg/Kronenburg
189839.665600002,440899.862599999,661,Bank,Bushalte,Vredenburg/Kronenburg
190153.247099999,441197.271400001,662,Bank,Bushalte,Vredenburg/Kronenburg
190573.265900001,441643.653499998,663,Bank,Bushalte,Malburgen-Oost (Zuid)
190606.9507,441626.848099999,664,Bank,Trottoir,Malburgen-Oost (Zuid)
190850.533199999,442102.394000001,665,Bank,Bushalte,Malburgen-Oost (Zuid)
190568.3651,440384.321600001,666,Bank,Bushalte,Vredenburg/Kronenburg
190163.473999999,442151.5843,667,Bank,Bushalte,Malburgen-West
189743.073899999,442667.293200001,668,Bank,Bushalte,Malburgen-West
190154.5295,443388.517299999,669,Bank,Bushalte,Malburgen-West
190124.4661,443367.482900001,670,Bank,Bushalte,Malburgen-West
189834.083099999,441969.175799999,671,Bank,Bushalte,Malburgen-West
190239.541200001,441651.0962,672,Bank,Bushalte,Malburgen-Oost (Zuid)
190271.245900001,441635.976799998,673,Bank,Bushalte,Malburgen-Oost (Zuid)
187795.901000001,439963.692000002,674,Bank,Speeltuin,De Laar
187789.677999999,439951.375700001,675,Bank,Speeltuin,De Laar
187742.820700001,439887.551600002,676,Bank,Speeltuin,De Laar
187818.898499999,440015.0856,677,Bank,Speeltuin,De Laar
190883.109999999,443513.840700001,678,Bank,Trottoir,Centrum
190881.021600001,443514.0363,679,Bank,Trottoir,Centrum
190886.081900001,443513.628400002,680,Bank,Trottoir,Centrum
190877.6208,443514.087099999,681,Bank,Trottoir,Centrum
190914.3488,443508.855700001,682,Bank,Trottoir,Centrum
190912.484299999,443508.8442,683,Bank,Trottoir,Centrum
190911.337900002,443508.8585,684,Bank,Trottoir,Centrum
190908.6296,443508.803199999,685,Bank,Trottoir,Centrum
190908.617800001,443603.307,686,Bank,Trottoir,Centrum
190737.233199999,442157.796700001,687,Bank,Overig,Malburgen-Oost (Zuid)
192173.6921,443681.9879,688,Bijzondere bank,Park,Arnhemse Broek
190158.238600001,439513.9333,689,Bijzondere bank,Trottoir,Rijkerswoerd
189832.9384,439338.198199999,690,Bijzondere bank,Trottoir,Rijkerswoerd
188487.985599998,439514.8123,691,Bank,Speeltuin,De Laar
187147.976100001,439881.760699999,692,Bank,Speeltuin,De Laar
187147.48,439878.3873,693,Bank,Speeltuin,De Laar
187067.906399999,440103.167800002,694,Bank,Speeltuin,De Laar
187072.4208,440102.076400001,695,Picknickbank,Speeltuin,De Laar
187264.224599998,440156.335700002,696,Bank,Speeltuin,De Laar
187241.701900002,440160.701299999,697,Picknickbank,Speeltuin,De Laar
187188.062800001,440355.5724,698,Bank,Speeltuin,De Laar
187176.503800001,440449.383900002,699,Bank,Overig,De Laar
187180.174899999,440446.804200001,700,Bank,Overig,De Laar
187158.779199999,440506.299899999,701,Bank,Speeltuin,De Laar
187277.842,440766.055199999,702,Bank,Park,De Laar
187290.086800002,440673.542199999,703,Bank,Speeltuin,De Laar
187320.060699999,440452.618799999,704,Bank,Speeltuin,De Laar
187321.152100001,440450.783199999,705,Bank,Speeltuin,De Laar
187382.504999999,440731.852299999,706,Bank,Bushalte,De Laar
187416.0319,440497.095699999,707,Bank,Bushalte,De Laar
187398.470100001,440458.797200002,708,Bank,Bushalte,De Laar
187335.3706,440163.6983,709,Bank,Bushalte,De Laar
187449.582699999,440756.6998,710,Bank,Park,De Laar
187479.646000002,440660.556699999,711,Bank,Speeltuin,De Laar
187491.949099999,440673.0583,712,Bank,Speeltuin,De Laar
190960.4069,444019.007300001,713,Bank,Trottoir,Centrum
190936.247099999,444026.0022,714,Bank,Trottoir,Centrum
190867.144099999,444034.491900001,715,Bank,Trottoir,Centrum
190741.499600001,442211.064300001,716,Bank,Overig,Malburgen-Oost (Zuid)
190749.964000002,442204.7828,717,Bank,Overig,Malburgen-Oost (Zuid)
190746.5726,442147.951299999,718,Bank,Overig,Malburgen-Oost (Zuid)
190961.2117,440588.103799999,719,Bank,Park,Vredenburg/Kronenburg
191022.504900001,440585.466499999,720,Bank,Park,Vredenburg/Kronenburg
191149.732900001,440615.969300002,721,Bank,Park,Vredenburg/Kronenburg
191290.580800001,440585.0233,722,Bank,Park,Vredenburg/Kronenburg
191805.1644,440726.452199999,723,Bank,Speeltuin,Malburgen-Oost (Zuid)
191771.2029,440805.3717,724,Bank,Park,Malburgen-Oost (Zuid)
191683.596799999,440509.793400001,725,Bank,Park,Vredenburg/Kronenburg
191659.2159,440530.045200001,726,Bank,Park,Vredenburg/Kronenburg
191661.120000001,440529.906399999,727,Bank,Park,Vredenburg/Kronenburg
191660.303399999,440531.876699999,728,Picknickbank,Park,Vredenburg/Kronenburg
191704.911800001,440457.0823,729,Bank,Park,Vredenburg/Kronenburg
191606.040100001,440429.6842,730,Bank,Park,Vredenburg/Kronenburg
191437.622200001,440483.0341,731,Picknickbank,Park,Vredenburg/Kronenburg
191461.931699999,440471.171700001,732,Picknickbank,Park,Vredenburg/Kronenburg
191296.926100001,440515.736099999,733,Bank,Park,Vredenburg/Kronenburg
191294.711100001,440516.2216,734,Bank,Park,Vredenburg/Kronenburg
191132.0748,440501.2412,735,Bank,Park,Vredenburg/Kronenburg
191128.701400001,440500.349199999,736,Bank,Park,Vredenburg/Kronenburg
190905.192299999,441282.521400001,737,Bank,Park,Malburgen-Oost (Zuid)
190905.292599998,441286.059300002,738,Bank,Park,Malburgen-Oost (Zuid)
190796.385299999,441235.377,739,Bank,Speeltuin,Malburgen-Oost (Zuid)
190649.037900001,440650.286800001,740,Bank,Trottoir,Vredenburg/Kronenburg
190791.5594,442227.619199999,741,Bank,Overig,Malburgen-Oost (Zuid)
190796.055300001,442235.0229,742,Bank,Overig,Malburgen-Oost (Zuid)
189500.272999998,441174.7491,743,Bank,Trottoir,Rijkerswoerd
189562.414999999,441120.4714,744,Bank,Speeltuin,Vredenburg/Kronenburg
189679.266899999,441129.648899999,745,Bank,Bushalte,Vredenburg/Kronenburg
190018.542100001,441167.991599999,746,Bank,Overig,Vredenburg/Kronenburg
190004.527800001,441168.6424,747,Bank,Overig,Vredenburg/Kronenburg
190031.280400001,441162.947999999,748,Bank,Overig,Vredenburg/Kronenburg
190878.872299999,441361.3006,749,Bank,Trottoir,Malburgen-Oost (Zuid)
190879.475900002,441363.553399999,750,Bank,Trottoir,Malburgen-Oost (Zuid)
191123.951000001,441629.845699999,751,Bank,Speeltuin,Malburgen-Oost (Zuid)
191104.3138,441626.5922,752,Bank,Speeltuin,Malburgen-Oost (Zuid)
191205.5473,441583.600200001,753,Bank,Speeltuin,Malburgen-Oost (Zuid)
191207.134799998,441586.5768,754,Bank,Speeltuin,Malburgen-Oost (Zuid)
191693.442200001,441362.270199999,755,Bank,Speeltuin,Malburgen-Oost (Zuid)
191696.0715,441370.951900002,756,Bank,Speeltuin,Malburgen-Oost (Zuid)
191753.433200002,441350.3653,757,Bank,Speeltuin,Malburgen-Oost (Zuid)
191753.2348,441348.629000001,758,Bank,Speeltuin,Malburgen-Oost (Zuid)
191796.4943,441326.503199998,759,Bank,Park,Malburgen-Oost (Zuid)
191747.2817,441371.350099999,760,Bank,Speeltuin,Malburgen-Oost (Zuid)
191745.2973,441371.598200001,761,Bank,Speeltuin,Malburgen-Oost (Zuid)
191743.263300002,441371.995099999,762,Bank,Speeltuin,Malburgen-Oost (Zuid)
191651.732799999,441253.992699999,763,Bank,Speeltuin,Malburgen-Oost (Zuid)
191654.510899998,441253.695,764,Bank,Speeltuin,Malburgen-Oost (Zuid)
191671.080499999,441241.739100002,765,Bank,Speeltuin,Malburgen-Oost (Zuid)
191669.641800001,441243.921999998,766,Bank,Speeltuin,Malburgen-Oost (Zuid)
191668.848099999,441245.112599999,767,Bank,Speeltuin,Malburgen-Oost (Zuid)
191578.757300001,441269.222800002,768,Bank,Speeltuin,Malburgen-Oost (Zuid)
191471.265500002,441315.881499998,769,Bank,Speeltuin,Malburgen-Oost (Zuid)
191468.3882,441316.328000002,770,Bank,Speeltuin,Malburgen-Oost (Zuid)
191717.705899999,441449.232700001,771,Bank,Park,Malburgen-Oost (Zuid)
191693.105900001,441716.955200002,772,Bank,Speeltuin,Malburgen-Oost (Noord)
191690.426899999,441719.286800001,773,Bank,Speeltuin,Malburgen-Oost (Noord)
191446.0647,441955.0178,774,Bank,Speeltuin,Malburgen-Oost (Noord)
191327.311099999,442084.845699999,775,Bank,Park,Malburgen-Oost (Noord)
191393.0933,442164.716899998,776,Bank,Park,Malburgen-Oost (Noord)
191392.299699999,442161.3442,777,Bank,Park,Malburgen-Oost (Noord)
191097.557599999,441924.907299999,778,Bank,Speeltuin,Malburgen-Oost (Zuid)
191066.601300001,441973.623799998,779,Bank,Speeltuin,Malburgen-Oost (Zuid)
192065.020100001,440825.506200001,780,Bank,Speeltuin,Malburgen-Oost (Zuid)
192074.713599999,440773.059099998,781,Bank,Speeltuin,Malburgen-Oost (Zuid)
192007.334600002,440553.901000001,782,Bank,Speeltuin,Malburgen-Oost (Zuid)
192012.5436,440553.454500001,783,Bank,Speeltuin,Malburgen-Oost (Zuid)
190944.313299999,440358.229499999,784,Bank,Speeltuin,Vredenburg/Kronenburg
190969.977200001,440194.8858,785,Bank,Speeltuin,Vredenburg/Kronenburg
190968.484900001,440096.853399999,786,Bank,Speeltuin,Vredenburg/Kronenburg
190937.8598,440125.375,787,Bank,Speeltuin,Vredenburg/Kronenburg
190479.6745,440103.214499999,788,Bank,Speeltuin,Vredenburg/Kronenburg
190611.599800002,440335.058499999,789,Bank,Speeltuin,Vredenburg/Kronenburg
190421.730599999,440403.7579,790,Bank,Speeltuin,Vredenburg/Kronenburg
190265.823899999,440476.828000002,791,Bank,Trottoir,Vredenburg/Kronenburg
190484.351399999,440680.9265,792,Bank,Speeltuin,Vredenburg/Kronenburg
190507.049699999,440686.5526,793,Bank,Speeltuin,Vredenburg/Kronenburg
190383.876600001,440684.3737,794,Bank,Speeltuin,Vredenburg/Kronenburg
190382.388300002,440685.613899998,795,Bank,Speeltuin,Vredenburg/Kronenburg
190072.053599998,440724.758200001,796,Bank,Speeltuin,Vredenburg/Kronenburg
190095.270799998,440708.089400001,797,Bank,Speeltuin,Vredenburg/Kronenburg
190306.6362,440789.527600002,798,Bank,Park,Vredenburg/Kronenburg
190300.534299999,440800.640099999,799,Bank,Park,Vredenburg/Kronenburg
190308.967900001,440808.9745,800,Bank,Park,Vredenburg/Kronenburg
190482.217599999,440956.471000001,801,Bank,Speeltuin,Vredenburg/Kronenburg
189949.147500001,440859.780000001,802,Bank,Trottoir,Vredenburg/Kronenburg
189913.631900001,440907.765900001,803,Bank,Park,Vredenburg/Kronenburg
189956.345600002,440940.5986,804,Bank,Park,Vredenburg/Kronenburg
189953.964400001,440938.713500001,805,Bank,Park,Vredenburg/Kronenburg
189965.324900001,440947.643199999,806,Bank,Park,Vredenburg/Kronenburg
190005.806299999,440979.095600002,807,Bank,Park,Vredenburg/Kronenburg
190087.077300001,442054.679900002,808,Bank,Speeltuin,Malburgen-West
189949.2126,442190.163400002,809,Bank,Speeltuin,Malburgen-West
190167.499899998,441933.762499999,810,Bank,Park,Malburgen-West
189843.788899999,442088.5198,811,Bank,Speeltuin,Malburgen-West
189704.594999999,442237.9837,812,Bank,Speeltuin,Malburgen-West
189712.623199999,442385.628400002,813,Bank,Speeltuin,Malburgen-West
190315.905699998,442125.119899999,814,Picknickbank,Park,Malburgen-West
190311.936999999,442118.5715,815,Picknickbank,Park,Malburgen-West
190322.851100001,442123.433200002,816,Picknickbank,Park,Malburgen-West
190406.9615,442224.6961,817,Bank,Park,Malburgen-West
190317.497200001,442297.929299999,818,Bank,Speeltuin,Malburgen-West
190282.294399999,442378.065400001,819,Bank,Speeltuin,Malburgen-West
190401.754000001,442378.133900002,820,Bank,Trottoir,Malburgen-West
190400.2161,442376.496800002,821,Bank,Trottoir,Malburgen-West
190403.986400001,442380.415899999,822,Bank,Trottoir,Malburgen-West
190405.524300002,442382.102699999,823,Bank,Trottoir,Malburgen-West
190391.137499999,442395.5964,824,Bank,Trottoir,Malburgen-West
190389.450800002,442393.413600001,825,Bank,Trottoir,Malburgen-West
190387.714499999,442398.6226,826,Bank,Trottoir,Malburgen-West
190385.9782,442396.588599999,827,Bank,Trottoir,Malburgen-West
190346.210999999,442423.9967,828,Bank,Trottoir,Malburgen-West
190348.493099999,442416.803399999,829,Bank,Trottoir,Malburgen-West
190396.217399999,442407.504500002,830,Bank,Trottoir,Malburgen-West
190398.7971,442405.569800001,831,Bank,Trottoir,Malburgen-West
190333.381000001,442573.624400001,832,Bank,Speeltuin,Malburgen-West
190329.4122,442578.783799998,833,Bank,Speeltuin,Malburgen-West
190384.004999999,442627.577500001,834,Bank,Park,Malburgen-West
190970.389800001,442708.763099998,835,Bank,Park,Malburgen-Oost (Noord)
190917.560699999,443567.054400001,836,Picknickbank,Overig,Centrum
190913.691100001,443562.936799999,837,Picknickbank,Overig,Centrum
191212.1204,440389.855599999,838,Bank,Park,Vredenburg/Kronenburg
190420.634300001,438940.947799999,839,Bank,Trottoir,Rijkerswoerd
190609.2632,439265.839200001,840,Bank,Speeltuin,Rijkerswoerd
189387.978500001,439320.911899999,841,Bank,Speeltuin,Rijkerswoerd
189210.055599999,439571.1743,842,Bank,Speeltuin,Rijkerswoerd
189449.3433,440378.596500002,843,Bank,Speeltuin,Rijkerswoerd
189348.8402,440821.802900001,844,Bank,Speeltuin,Rijkerswoerd
189540.851100001,440871.670699999,845,Bank,Speeltuin,Rijkerswoerd
189573.692499999,440942.0997,846,Bank,Speeltuin,Vredenburg/Kronenburg
189432.312899999,441107.344599999,847,Bank,Speeltuin,Rijkerswoerd
189882.878699999,441032.672400001,848,Bank,Speeltuin,Vredenburg/Kronenburg
189784.116799999,441012.8039,849,Bank,Overig,Vredenburg/Kronenburg
189754.8356,441155.4168,850,Bank,Overig,Vredenburg/Kronenburg
189758.853999998,441153.1844,851,Bank,Overig,Vredenburg/Kronenburg
189878.4417,441189.828000002,852,Bank,Overig,Vredenburg/Kronenburg
189878.838500001,441193.399900001,853,Bank,Overig,Vredenburg/Kronenburg
190138.313200001,441216.600000001,854,Bank,Bushalte,Vredenburg/Kronenburg
189977.588799998,441483.333799999,855,Bank,Speeltuin,Vredenburg/Kronenburg
190124.076699998,441474.5033,856,Picknickbank,Speeltuin,Vredenburg/Kronenburg
189889.5931,441418.7555,857,Bank,Speeltuin,Vredenburg/Kronenburg
190039.959399998,441600.728799999,858,Bank,Park,Vredenburg/Kronenburg
190070.122000001,441596.611200001,859,Bank,Park,Vredenburg/Kronenburg
189739.8413,441243.7969,860,Bank,Park,Vredenburg/Kronenburg
189753.6327,441246.128600001,861,Bank,Park,Vredenburg/Kronenburg
186568.074499998,440711.3884,862,Bank,Bushalte,Schuytgraaf
186560.603,440751.0658,863,Bank,Bushalte,Schuytgraaf
186550.980599999,441339.304499999,864,Bank,Bushalte,Schuytgraaf
186527.380600002,441362.209800001,865,Bank,Bushalte,Schuytgraaf
185992.1866,441132.702300001,866,Bank,Bushalte,Schuytgraaf
185884.147399999,440795.877700001,867,Bank,Bushalte,Schuytgraaf
185872.7289,440802.484900001,868,Bank,Bushalte,Schuytgraaf
185736.203699999,440290.648600001,869,Bank,Bushalte,Schuytgraaf
185908.547899999,439968.935600001,870,Bank,Bushalte,Schuytgraaf
185915.4932,439954.7969,871,Bank,Bushalte,Schuytgraaf
186877.005100001,439757.923500001,872,Picknickbank,Speeltuin,Schuytgraaf
186876.013,439754.2524,873,Picknickbank,Speeltuin,Schuytgraaf
186783.5984,440183.421300001,874,Bank,Speeltuin,Schuytgraaf
186680.388700001,440201.540800001,875,Bank,Speeltuin,Schuytgraaf
186785.5691,440076.190200001,876,Bank,Speeltuin,Schuytgraaf
186880.769000001,440078.326200001,877,Bank,Trottoir,Schuytgraaf
186879.2808,440073.811700001,878,Bank,Speeltuin,Schuytgraaf
186496.465399999,440022.960200001,879,Bank,Trottoir,Schuytgraaf
186868.910100002,440478.662099998,880,Bank,Speeltuin,Schuytgraaf
186866.4296,440479.257399999,881,Bank,Speeltuin,Schuytgraaf
186702.995200001,440434.321899999,882,Bank,Speeltuin,Schuytgraaf
186704.632300001,440438.886,883,Bank,Speeltuin,Schuytgraaf
185940.913899999,440040.6373,884,Picknickbank,Overig,Schuytgraaf
185836.622499999,440390.379299998,885,Picknickbank,Speeltuin,Schuytgraaf
185842.873300001,440555.082800001,886,Picknickbank,Speeltuin,Schuytgraaf
185842.873300001,440555.082800001,887,Picknickbank,Speeltuin,Schuytgraaf
185849.372099999,440559.646899998,888,Bank,Speeltuin,Schuytgraaf
186233.4553,440694.435199998,889,Bank,Speeltuin,Schuytgraaf
185685.706599999,440705.137699999,890,Bank,Park,Schuytgraaf
186046.6457,440898.201699998,891,Bank,Speeltuin,Schuytgraaf
185690.895199999,440839.2216,892,Bank,Speeltuin,Schuytgraaf
185696.423599999,440925.7238,893,Bank,Speeltuin,Schuytgraaf
185709.708799999,441171.0678,894,Bank,Speeltuin,Schuytgraaf
185903.285,441273.461800002,895,Bank,Speeltuin,Schuytgraaf
185906.956099998,441296.579799999,896,Bank,Speeltuin,Schuytgraaf
185837.878400002,441375.767900001,897,Picknickbank,Park,Schuytgraaf
185777.9659,441495.261599999,898,Bank,Speeltuin,Schuytgraaf
185583.055799998,441295.749200001,899,Bank,Speeltuin,Schuytgraaf
185916.348499998,441801.983800001,900,Bank,Speeltuin,Schuytgraaf
186278.469500002,440977.6043,901,Bank,Park,Schuytgraaf
186235.408500001,440962.9199,902,Bank,Park,Schuytgraaf
186396.8378,441215.100000001,903,Bank,Speeltuin,Schuytgraaf
186289.013599999,441514.4441,904,Bank,Speeltuin,Schuytgraaf
186236.332600001,441606.5711,905,Bank,Speeltuin,Schuytgraaf
188601.6741,441050.822900001,906,Bank,Speeltuin,Elden
188810.141199999,441208.285700001,907,Bank,Speeltuin,Elden
188136.607799999,440041.0337,908,Bank,Speeltuin,De Laar
188139.354499999,440041.309,909,Bank,Speeltuin,De Laar
192357.3149,446044.831599999,910,Bank,Bushalte,Monnikenhuizen
192402.041099999,446063.647500001,911,Bank,Bushalte,Monnikenhuizen
192402.9738,446062.274900001,912,Bank,Park,Monnikenhuizen
190623.391399998,443908.219300002,913,Bank,Trottoir,Centrum
190774.723700002,443474.147,914,Picknickbank,Park,Centrum
188620.163800001,441092.591800001,915,Bank,Speeltuin,Elden
187684.7601,440024.414999999,916,Bank,Speeltuin,De Laar
187630.968699999,440257.103500001,917,Bank,Speeltuin,De Laar
187632.8539,440258.790199999,918,Bank,Speeltuin,De Laar
187681.3719,440358.604499999,919,Bank,Speeltuin,De Laar
187819.583900001,440485.009399999,920,Bank,Speeltuin,De Laar
187696.651700001,440705.969999999,921,Bank,Speeltuin,De Laar
187399.584199999,441482.899300002,922,Bank,Trottoir,Elderveld
187747.216800001,441667.148899999,923,Bank,Bushalte,Elderveld
191542.263799999,443245.737500001,924,Bank,Speeltuin,Arnhemse Broek
191539.783300001,443256.056299999,925,Bank,Speeltuin,Arnhemse Broek
191549.407600001,443264.092999998,926,Bank,Speeltuin,Arnhemse Broek
191578.035599999,443270.770199999,927,Bank,Speeltuin,Arnhemse Broek
192003.095199998,443289.5583,928,Bank,Speeltuin,Arnhemse Broek
191864.000100002,443407.599800002,929,Bank,Speeltuin,Arnhemse Broek
191862.561500002,443408.492800001,930,Bank,Speeltuin,Arnhemse Broek
191883.347800002,443411.816599999,931,Bank,Speeltuin,Arnhemse Broek
191884.588100001,443413.404100001,932,Bank,Speeltuin,Arnhemse Broek
191904.6292,443430.357000001,933,Bank,Speeltuin,Arnhemse Broek
192152.875,443368.7421,934,Bank,Speeltuin,Arnhemse Broek
192152.478100002,443370.9745,935,Bank,Speeltuin,Arnhemse Broek
192151.882800002,443373.355700001,936,Bank,Speeltuin,Arnhemse Broek
192167.1336,443394.340500001,937,Bank,Speeltuin,Arnhemse Broek
192168.4234,443388.883499999,938,Bank,Speeltuin,Arnhemse Broek
192167.8281,443391.661600001,939,Bank,Speeltuin,Arnhemse Broek
192145.156599998,443408.826499999,940,Bank,Speeltuin,Arnhemse Broek
192146.347199999,443403.468699999,941,Bank,Speeltuin,Arnhemse Broek
192145.751899999,443406.147599999,942,Bank,Speeltuin,Arnhemse Broek
191748.8807,443575.950300001,943,Bank,Speeltuin,Arnhemse Broek
191626.9494,443636.4758,944,Bank,Park,Spijkerkwartier
192493.5579,443457.254999999,945,Bank,Speeltuin,Arnhemse Broek
190427.8409,442041.342700001,946,Picknickbank,Park,Malburgen-Oost (Zuid)
188117.560899999,441564.263099998,947,Bank,Speeltuin,Elderveld
188130.8389,442091.2491,948,Picknickbank,Park,Elderveld
187573.3233,441932.980099998,949,Bank,Speeltuin,Elderveld
187475.2291,441904.5046,950,Bank,Speeltuin,Elderveld
187964.447299998,441734.8145,951,Bank,Park,Elderveld
188171.262200002,441948.379900001,952,Bank,Speeltuin,Elderveld
188369.1789,441735.338300001,953,Bank,Speeltuin,Elderveld
188375.4219,441728.944899999,954,Bank,Speeltuin,Elderveld
188490.127500001,441959.7042,955,Bank,Park,Elderveld
188455.332899999,442127.050099999,956,Bank,Park,Elderveld
188496.384,442181.0484,957,Picknickbank,Park,Elderveld
188543.369399998,442189.243999999,958,Picknickbank,Park,Elderveld
188550.623399999,442179.037,959,Bank,Park,Elderveld
188361.642499998,442018.764899999,960,Bank,Trottoir,Elderveld
188221.391899999,442082.087900002,961,Bank,Park,Elderveld
187876.351399999,442111.884199999,962,Picknickbank,Park,Elderveld
187799.299800001,442117.1928,963,Bank,Park,Elderveld
187754.7892,442059.305100001,964,Bank,Park,Elderveld
187387.783399999,441972.638799999,965,Bank,Park,Elderveld
187264.203699999,441906.6457,966,Bank,Park,Elderveld
187308.346500002,441880.764199998,967,Bank,Park,Elderveld
187385.633200001,441924.160599999,968,Bank,Park,Elderveld
187546.026999999,441987.623199999,969,Bank,Park,Elderveld
187623.921999998,442016.466400001,970,Bank,Park,Elderveld
187246.9597,441775.539000001,971,Bank,Speeltuin,Elderveld
187171.213399999,441757.335499998,972,Bank,Park,Elderveld
187170.4945,441811.565900002,973,Bank,Park,Elderveld
186671.736400001,441764.396499999,974,Bank,Park,Schuytgraaf
187356.6844,441165.146600001,975,Bank,Overig,Elderveld
187384.442299999,441165.921500001,976,Bank,Overig,Elderveld
188196.881000001,441671.6336,977,Bank,Overig,Elderveld
188003.008099999,441580.274799999,978,Bank,Park,Elderveld
187974.517900001,441612.217900001,979,Bank,Speeltuin,Elderveld
187758.533599999,441660.502999999,980,Bank,Overig,Elderveld
187761.9177,441664.544199999,981,Bank,Overig,Elderveld
187844.9384,441418.4518,982,Bank,Park,Elderveld
187913.772100002,441328.595699999,983,Bank,Park,Elderveld
187911.986900002,441329.925500002,984,Bank,Park,Elderveld
188026.657000002,441424.982799999,985,Bank,Park,Elderveld
188047.611000001,441472.536800001,986,Bank,Park,Elderveld
188066.116,441193.233100001,987,Bank,Park,Elderveld
188038.7038,441197.692699999,988,Picknickbank,Park,Elderveld
188034.100699998,441173.9087,989,Picknickbank,Park,Elderveld
188057.019400001,441131.555100001,990,Bank,Park,Elderveld
188128.460999999,441170.745299999,991,Bank,Speeltuin,Elderveld
188152.389899999,441111.4058,992,Bank,Park,Elderveld
187886.8528,441284.996100001,993,Bank,Park,Elderveld
187830.0462,441310.606899999,994,Bank,Park,Elderveld
187759.673900001,441277.187899999,995,Bank,Park,Elderveld
187521.923700001,441577.923599999,996,Bank,Park,Elderveld
187352.872099999,441403.7883,997,Bank,Trottoir,Elderveld
187342.608600002,441397.456900001,998,Bank,Trottoir,Elderveld
187277.2687,441463.974800002,999,Bank,Speeltuin,Elderveld
187216.214299999,441211.992600001,1000,Bank,Park,Elderveld
187274.675999999,441095.238699999,1001,Bank,Park,Elderveld
187274.695799999,441068.526099999,1002,Bank,Park,Elderveld
187167.558400001,441491.1994,1003,Bank,Park,Elderveld
189362.071699999,441765.6351,1004,Bank,Park,Elden
189421.468600001,441816.859200001,1005,Bank,Park,Elden
189019.254700001,441913.8759,1006,Bank,Park,Elden
189020.377300002,441908.024,1007,Bank,Park,Elden
189012.306000002,441852.4778,1008,Bank,Park,Elden
188976.706900001,441849.4047,1009,Bank,Park,Elden
188992.689800002,441777.634799998,1010,Bank,Park,Elden
188977.815299999,441718.593600001,1011,Picknickbank,Park,Elden
188868.556600001,441737.132100001,1012,Picknickbank,Park,Elden
188806.615800001,441747.7302,1013,Bank,Park,Elden
188765.701299999,441764.550099999,1014,Bank,Park,Elden
188834.975699998,441833.534600001,1015,Bank,Park,Elden
188883.8442,441840.228999998,1016,Bank,Park,Elden
188761.392499998,441551.6175,1017,Bank,Park,Elden
188796.059999999,441598.876800001,1018,Bank,Park,Elden
188835.804000001,441652.339200001,1019,Bank,Park,Elden
188941.108600002,441562.074700002,1020,Picknickbank,Speeltuin,Elden
188932.978599999,441525.7564,1021,Bank,Trottoir,Elden
188930.890999999,441522.293299999,1022,Bank,Trottoir,Elden
188930.890999999,441522.293299999,1023,Bank,Trottoir,Elden
189027.204500001,441578.470899999,1024,Bank,Trottoir,Elden
189029.708900001,441580.508499999,1025,Bank,Trottoir,Elden
189031.666999999,441581.879999999,1026,Bank,Trottoir,Elden
189037.273400001,441199.905200001,1027,Bank,Trottoir,Elden
189042.8266,441208.140299998,1028,Bank,Trottoir,Elden
189053.024599999,441224.888599999,1029,Bank,Trottoir,Elden
189066.327,441243.124299999,1030,Bank,Trottoir,Elden
189106.692200001,441213.176199999,1031,Bank,Trottoir,Elden
189111.7053,441205.8631,1032,Bank,Trottoir,Elden
189108.288400002,441204.228300001,1033,Bank,Trottoir,Elden
189104.039099999,441198.4307,1034,Bank,Trottoir,Elden
189093.335499998,441182.518399999,1035,Bank,Trottoir,Elden
189090.325800002,441179.989500001,1036,Bank,Trottoir,Elden
187031.813299999,441395.0064,1037,Bank,Speeltuin,Elderveld
186993.739300001,441181.643599998,1038,Bank,Speeltuin,Elderveld
186998.7632,441181.937199999,1039,Bank,Trottoir,Elderveld
187013.7381,441090.471999999,1040,Bank,Speeltuin,Elderveld
187210.546700001,441000.5616,1041,Bank,Speeltuin,Elderveld
187404.9771,441132.084199999,1042,Bank,Park,Elderveld
187713.882100001,441001.383400001,1043,Bank,Speeltuin,Elderveld
191358.6494,440369.253600001,1044,Bank,Park,Vredenburg/Kronenburg
191350.850499999,440360.565200001,1045,Bank,Park,Vredenburg/Kronenburg
190221.923799999,445252.497400001,1046,Bank,Park,Burgemeesterswijk/Hoogkamp
190278.094099998,445273.185600001,1047,Bank,Park,Burgemeesterswijk/Hoogkamp
190329.955800001,445299.296700001,1048,Bank,Park,Burgemeesterswijk/Hoogkamp
190284.520300001,445229.920299999,1049,Bank,Park,Burgemeesterswijk/Hoogkamp
190263.425500002,445213.883000001,1050,Bank,Park,Burgemeesterswijk/Hoogkamp
190241.407000002,445183.9956,1051,Bank,Park,Burgemeesterswijk/Hoogkamp
190218.8211,445125.684099998,1052,Bank,Park,Burgemeesterswijk/Hoogkamp
190218.91,445119.844500002,1053,Bank,Park,Burgemeesterswijk/Hoogkamp
190188.588,445116.260499999,1054,Bank,Park,Burgemeesterswijk/Hoogkamp
190182.4329,445118.4608,1055,Bank,Park,Burgemeesterswijk/Hoogkamp
190243.084199999,445072.569400001,1056,Bank,Park,Burgemeesterswijk/Hoogkamp
190215.081099998,445109.014699999,1057,Bijzondere bank,Park,Burgemeesterswijk/Hoogkamp
190199.8915,445026.803800002,1058,Bank,Park,Burgemeesterswijk/Hoogkamp
190241.803399999,444965.720899999,1059,Bank,Park,Burgemeesterswijk/Hoogkamp
190257.559900001,444930.673500001,1060,Bank,Park,Burgemeesterswijk/Hoogkamp
190158.424199998,444961.8325,1061,Bank,Park,Burgemeesterswijk/Hoogkamp
190139.571699999,444999.267999999,1062,Bank,Park,Burgemeesterswijk/Hoogkamp
190115.528299998,445028.5033,1063,Bank,Park,Burgemeesterswijk/Hoogkamp
190123.069899999,445046.634799998,1064,Bank,Park,Burgemeesterswijk/Hoogkamp
190122.4659,445074.861900002,1065,Bank,Park,Burgemeesterswijk/Hoogkamp
190118.304299999,445099.222899999,1066,Bank,Park,Burgemeesterswijk/Hoogkamp
190107.131000001,445117.911400001,1067,Bank,Park,Burgemeesterswijk/Hoogkamp
190071.146000002,445069.125599999,1068,Bank,Park,Burgemeesterswijk/Hoogkamp
190024.530400001,445135.130800001,1069,Bank,Park,Burgemeesterswijk/Hoogkamp
190018.661499999,445166.430300001,1070,Bank,Park,Burgemeesterswijk/Hoogkamp
189989.441399999,445254.332600001,1071,Bank,Park,Burgemeesterswijk/Hoogkamp
190008.5583,445302.041000001,1072,Bank,Park,Burgemeesterswijk/Hoogkamp
190044.034699999,445332.180399999,1073,Bank,Park,Burgemeesterswijk/Hoogkamp
190070.818100002,445344.671300001,1074,Bank,Park,Burgemeesterswijk/Hoogkamp
190111.070999999,445286.404100001,1075,Bank,Park,Burgemeesterswijk/Hoogkamp
190118.348099999,445275.980300002,1076,Bank,Park,Burgemeesterswijk/Hoogkamp
190181.7205,445215.949700002,1077,Bank,Park,Burgemeesterswijk/Hoogkamp
190200.651999999,445243.722100001,1078,Bank,Park,Burgemeesterswijk/Hoogkamp
190296.622000001,444518.2502,1079,Bank,Trottoir,Burgemeesterswijk/Hoogkamp
190296.622000001,444518.2502,1080,Bank,Trottoir,Burgemeesterswijk/Hoogkamp
190412.8495,444408.298,1081,Bank,Trottoir,Burgemeesterswijk/Hoogkamp
190466.324099999,444372.083799999,1082,Bank,Trottoir,Burgemeesterswijk/Hoogkamp
190467.929099999,444370.4956,1083,Bank,Trottoir,Burgemeesterswijk/Hoogkamp
190494.576499999,444356.848299999,1084,Bank,Trottoir,Burgemeesterswijk/Hoogkamp
190511.387400001,444346.716800001,1085,Bank,Trottoir,Burgemeesterswijk/Hoogkamp
190524.035300002,444334.246100001,1086,Bank,Trottoir,Burgemeesterswijk/Hoogkamp
190597.850099999,444368.056600001,1087,Bank,Park,Burgemeesterswijk/Hoogkamp
190600.963300001,444372.644400001,1088,Bank,Park,Burgemeesterswijk/Hoogkamp
190368.1461,444471.652399998,1089,Bank,Park,Burgemeesterswijk/Hoogkamp
190366.003600001,444475.497400001,1090,Bank,Park,Burgemeesterswijk/Hoogkamp
190698.5348,444314.409899998,1091,Picknickbank,Speeltuin,Burgemeesterswijk/Hoogkamp
190202.204,444781.489700001,1092,Bank,Park,Burgemeesterswijk/Hoogkamp
190202.380100001,444789.3072,1093,Bank,Park,Burgemeesterswijk/Hoogkamp
190219.311299998,444834.244399998,1094,Bank,Park,Burgemeesterswijk/Hoogkamp
190195.009799998,444872.967799999,1095,Bank,Park,Burgemeesterswijk/Hoogkamp
190338.982700001,444806.725900002,1096,Bank,Park,Burgemeesterswijk/Hoogkamp
190378.165399998,444778.7568,1097,Bank,Park,Burgemeesterswijk/Hoogkamp
190400.105300002,444728.021699999,1098,Bank,Park,Burgemeesterswijk/Hoogkamp
190322.256499998,444697.250799999,1099,Bank,Park,Burgemeesterswijk/Hoogkamp
190510.985800002,444654.427700002,1100,Bank,Park,Burgemeesterswijk/Hoogkamp
190610.676899999,444598.565499999,1101,Bank,Park,Burgemeesterswijk/Hoogkamp
190645.987,444602.506499998,1102,Bank,Park,Burgemeesterswijk/Hoogkamp
190701.900800001,444737.416099999,1103,Bank,Park,Burgemeesterswijk/Hoogkamp
190701.732900001,444747.7357,1104,Bank,Park,Burgemeesterswijk/Hoogkamp
190670.109200001,444751.223000001,1105,Bank,Park,Burgemeesterswijk/Hoogkamp
190650.643100001,444766.785799999,1106,Bank,Park,Burgemeesterswijk/Hoogkamp
190619.052999999,444788.672499999,1107,Bank,Park,Burgemeesterswijk/Hoogkamp
190630.7491,444780.286600001,1108,Bank,Park,Burgemeesterswijk/Hoogkamp
190618.0594,444776.124499999,1109,Bank,Park,Burgemeesterswijk/Hoogkamp
190609.618500002,444760.4597,1110,Bank,Park,Burgemeesterswijk/Hoogkamp
190615.6468,444755.626699999,1111,Bank,Park,Burgemeesterswijk/Hoogkamp
190605.042399999,444735.3462,1112,Bank,Park,Burgemeesterswijk/Hoogkamp
190598.8202,444739.8422,1113,Bank,Park,Burgemeesterswijk/Hoogkamp
190612.691100001,444722.492699999,1114,Bank,Park,Burgemeesterswijk/Hoogkamp
190647.823899999,444725.5722,1115,Bank,Park,Burgemeesterswijk/Hoogkamp
190668.294300001,444726.771299999,1116,Bank,Park,Burgemeesterswijk/Hoogkamp
190526.663699999,444841.695999999,1117,Bank,Park,Burgemeesterswijk/Hoogkamp
190499.410300002,444852.531199999,1118,Bank,Park,Burgemeesterswijk/Hoogkamp
190540.3794,444863.920000002,1119,Bank,Park,Burgemeesterswijk/Hoogkamp
190393.799899999,444891.045200001,1120,Bank,Park,Burgemeesterswijk/Hoogkamp
190334.694899999,444906.191300001,1121,Bank,Park,Burgemeesterswijk/Hoogkamp
190319.874200001,444927.800500002,1122,Bank,Park,Burgemeesterswijk/Hoogkamp
190284.222199999,444960.254799999,1123,Bank,Park,Burgemeesterswijk/Hoogkamp
190264.998100001,444996.951299999,1124,Bank,Park,Burgemeesterswijk/Hoogkamp
190236.276299998,445103.758000001,1125,Bank,Park,Burgemeesterswijk/Hoogkamp
190448.613200001,445102.714699998,1126,Bank,Park,Burgemeesterswijk/Hoogkamp
190642.672899999,445136.970899999,1127,Bank,Park,Burgemeesterswijk/Hoogkamp
190670.271400001,445127.999699999,1128,Bank,Park,Burgemeesterswijk/Hoogkamp
190707.935899999,445142.942200001,1129,Bank,Park,Burgemeesterswijk/Hoogkamp
190694.8871,445218.185600001,1130,Bank,Park,Burgemeesterswijk/Hoogkamp
190650.078299999,445204.031300001,1131,Bank,Park,Burgemeesterswijk/Hoogkamp
190755.9745,445114.432799999,1132,Bank,Park,Burgemeesterswijk/Hoogkamp
190851.420400001,445070.824299999,1133,Bank,Park,Burgemeesterswijk/Hoogkamp
190781.755800001,445171.272100002,1134,Bank,Park,Burgemeesterswijk/Hoogkamp
190700.969900001,445088.560600001,1135,Bank,Park,Burgemeesterswijk/Hoogkamp
190660.302700002,445045.0086,1136,Bank,Park,Burgemeesterswijk/Hoogkamp
190578.602899998,444939.040100001,1137,Bank,Park,Burgemeesterswijk/Hoogkamp
192363.5966,445193.177499998,1138,Bank,Trottoir,Monnikenhuizen
192409.447799999,445170.473499998,1139,Bank,Trottoir,Monnikenhuizen
192452.014199998,445178.0997,1140,Bank,Bushalte,Monnikenhuizen
192657.982999999,445273.827,1141,Bank,Park,Velperweg e.o.
190068.894299999,445511.616700001,1142,Bank,Park,Burgemeesterswijk/Hoogkamp
189820.123799998,445716.213199999,1143,Bank,Park,Burgemeesterswijk/Hoogkamp
189739.0337,445676.817299999,1144,Bank,Park,Burgemeesterswijk/Hoogkamp
189752.603700001,445621.5359,1145,Bank,Park,Burgemeesterswijk/Hoogkamp
189774.0931,445567.473099999,1146,Bank,Park,Burgemeesterswijk/Hoogkamp
189803.691199999,445574.536499999,1147,Bank,Park,Burgemeesterswijk/Hoogkamp
189857.8682,445381.636700001,1148,Bank,Park,Burgemeesterswijk/Hoogkamp
189889.918900002,445351.3248,1149,Bank,Park,Burgemeesterswijk/Hoogkamp
189899.833900001,445299.068100002,1150,Bank,Park,Burgemeesterswijk/Hoogkamp
190472.911400001,446127.1008,1151,Picknickbank,Park,Alteveer/Cranevelt
189785.3906,444177.024900001,1152,Bank,Bushalte,Centrum
189797.3565,444184.505399998,1153,Bank,Bushalte,Centrum
189204.011300001,444094.5777,1154,Bank,Trottoir,Centrum
189104.4615,444206.8136,1155,Bank,Trottoir,Heijenoord/Lombok
189118.753800001,444194.954399999,1156,Bank,Speeltuin,Heijenoord/Lombok
189645.5781,444525.972199999,1157,Bank,Trottoir,Heijenoord/Lombok
189611.5671,444483.002700001,1158,Bank,Speeltuin,Heijenoord/Lombok
188597.395199999,445338.938499998,1159,Bank,Park,Burgemeesterswijk/Hoogkamp
188613.476799998,445587.8035,1160,Bank,Speeltuin,Burgemeesterswijk/Hoogkamp
188605.746599998,445610.553599998,1161,Bank,Speeltuin,Burgemeesterswijk/Hoogkamp
189600.132100001,445815.653099999,1162,Picknickbank,Park,Burgemeesterswijk/Hoogkamp
189616.233800001,445779.510400001,1163,Picknickbank,Park,Burgemeesterswijk/Hoogkamp
189596.346099999,445624.210099999,1164,Bank,Park,Burgemeesterswijk/Hoogkamp
189683.4738,445555.2773,1165,Bank,Park,Burgemeesterswijk/Hoogkamp
189684.907499999,445591.423999999,1166,Bank,Park,Burgemeesterswijk/Hoogkamp
189548.309900001,445611.407699998,1167,Bank,Park,Burgemeesterswijk/Hoogkamp
189520.751400001,445589.412099998,1168,Picknickbank,Park,Burgemeesterswijk/Hoogkamp
189464.8409,445637.034699999,1169,Picknickbank,Park,Burgemeesterswijk/Hoogkamp
189498.935800001,445646.1028,1170,Bank,Park,Burgemeesterswijk/Hoogkamp
189552.9463,445682.947799999,1171,Bank,Park,Burgemeesterswijk/Hoogkamp
191626.489799999,445083.569699999,1172,Bank,Trottoir,Klarendal
191761.284200002,445165.5869,1173,Bank,Trottoir,Monnikenhuizen
192561.574299999,444472.088799998,1174,Bank,Speeltuin,Velperweg e.o.
192898.812899999,444467.815200001,1175,Bank,Speeltuin,Velperweg e.o.
192900.876899999,444461.1952,1176,Bank,Speeltuin,Velperweg e.o.
192907.9641,444465.520399999,1177,Bank,Speeltuin,Velperweg e.o.
192968.293900002,442697.133299999,1178,Bank,Bushalte,Arnhemse Broek
191274.0462,443385.8816,1179,Bank,Park,Arnhemse Broek
191276.0913,443386.8594,1180,Bank,Park,Arnhemse Broek
191225.039999999,443347.684,1181,Bank,Bushalte,Arnhemse Broek
191191.733600002,443353.136100002,1182,Bank,Trottoir,Centrum
191236.3215,443315.549800001,1183,Bank,Park,Arnhemse Broek
191236.4694,443317.448100001,1184,Bank,Park,Arnhemse Broek
191250.7086,443280.697799999,1185,Bank,Bushalte,Arnhemse Broek
191367.622099999,443323.552200001,1186,Bank,Trottoir,Arnhemse Broek
191370.916499998,443319.8554,1187,Bank,Trottoir,Arnhemse Broek
191360.399999999,443317.810600001,1188,Bank,Trottoir,Arnhemse Broek
191365.618900001,443314.2256,1189,Bank,Trottoir,Arnhemse Broek
191364.467999998,443321.516100001,1190,Bank,Trottoir,Arnhemse Broek
191368.118799999,443316.950399999,1191,Bank,Trottoir,Arnhemse Broek
191801.373399999,442710.541299999,1192,Bank,Trottoir,Arnhemse Broek
191869.087400001,442662.508900002,1193,Bank,Bushalte,Arnhemse Broek
191307.470699999,443532.519099999,1194,Bank,Park,Spijkerkwartier
191306.0152,443534.571699999,1195,Bank,Park,Spijkerkwartier
191848.278099999,443773.525800001,1196,Bank,Park,Spijkerkwartier
191843.046399999,443776.264199998,1197,Bank,Park,Spijkerkwartier
191847.2916,443777.9476,1198,Bank,Park,Spijkerkwartier
191993.574200001,443549.752,1199,Bank,Bushalte,Arnhemse Broek
192267.329599999,443743.464699998,1200,Bank,Trottoir,Arnhemse Broek
190029.5152,439681.5,1201,Bank,Park,Rijkerswoerd
190034.670499999,439672.963399999,1202,Bank,Park,Rijkerswoerd
189839.844300002,438982.646699999,1203,Bank,Trottoir,Rijkerswoerd
189818.493299998,439105.4003,1204,Bank,Park,Rijkerswoerd
187198.4067,440501.554699998,1205,Picknickbank,Speeltuin,De Laar
187265.460000001,440760.781399999,1206,Bank,Park,De Laar
187273.868900001,440766.193700001,1207,Bank,Park,De Laar
187160.4529,440327.618299998,1208,Picknickbank,Trottoir,De Laar
191868.238499999,441681.489300001,1209,Picknickbank,Trottoir,Malburgen-Oost (Noord)
191845.787700001,441967.022100002,1210,Bank,Park,Malburgen-Oost (Noord)
191759.8781,441577.815200001,1211,Bank,Bushalte,Malburgen-Oost (Noord)
192397.5493,441604.5911,1212,Bank,Park,Malburgen-Oost (Noord)
192399.376400001,441608.052999999,1213,Bank,Park,Malburgen-Oost (Noord)
191327.552299999,441400.0403,1214,Bank,Park,Malburgen-Oost (Zuid)
191135.396200001,441506.199099999,1215,Bank,Park,Malburgen-Oost (Zuid)
191007.0812,441596.134300001,1216,Bank,Park,Malburgen-Oost (Zuid)
187338.046599999,440863.653700002,1217,Bank,Bushalte,Elderveld
186248.8367,441022.972899999,1218,Bank,Park,Schuytgraaf
186235.472899999,440761.075399999,1219,Bank,Park,Schuytgraaf
186142.704100002,440760.000799999,1220,Bank,Speeltuin,Schuytgraaf
186103.877,440754.816799998,1221,Bank,Trottoir,Schuytgraaf
186074.805199999,440759.120499998,1222,Bank,Speeltuin,Schuytgraaf
185840.730900001,440380.6043,1223,Bank,Speeltuin,Schuytgraaf
193292.4932,444678.517200001,1224,Bank,Trottoir,Velperweg e.o.
192992.7348,443084.975299999,1225,Bank,Bushalte,Arnhemse Broek
193472.453200001,444781.334800001,1226,Bank,Park,Velperweg e.o.
193380.485599998,444737.3006,1227,Bank,Park,Velperweg e.o.
193325.286400001,444750.294500001,1228,Bank,Park,Velperweg e.o.
193390.659299999,444793.5647,1229,Bank,Park,Velperweg e.o.
193391.489100002,444796.9593,1230,Bank,Park,Velperweg e.o.
193394.365200002,444800.129999999,1231,Bank,Park,Velperweg e.o.
193397.724100001,444805.235399999,1232,Bank,Park,Velperweg e.o.
193400.9113,444803.0264,1233,Bank,Park,Velperweg e.o.
193399.100900002,444799.3301,1234,Bank,Park,Velperweg e.o.
193372.8902,444883.652899999,1235,Bank,Park,Velperweg e.o.
193414.422499999,444907.342799999,1236,Bank,Park,Velperweg e.o.
193442.1358,444872.166900001,1237,Bank,Park,Velperweg e.o.
193442.201699998,444876.704399999,1238,Bank,Park,Velperweg e.o.
193504.218899999,444917.667300001,1239,Bank,Park,Velperweg e.o.
193499.372099999,444922.062899999,1240,Bank,Park,Velperweg e.o.
193506.717,444850.9507,1241,Bank,Park,Velperweg e.o.
193088.975299999,444945.733800001,1242,Bank,Park,Velperweg e.o.
193061.660300002,444968.091800001,1243,Bank,Park,Velperweg e.o.
193023.960999999,444987.468199998,1244,Bank,Park,Velperweg e.o.
193010.871599998,445042.897999998,1245,Bank,Park,Velperweg e.o.
193002.6723,445080.3972,1246,Bank,Park,Velperweg e.o.
192977.6675,445078.373399999,1247,Bank,Park,Velperweg e.o.
192919.893399999,445195.6998,1248,Bank,Park,Velperweg e.o.
192910.450599998,445175.9637,1249,Bank,Park,Velperweg e.o.
192875.718600001,445192.644000001,1250,Bank,Park,Velperweg e.o.
192868.3572,445209.7599,1251,Bank,Park,Velperweg e.o.
192877.763799999,445214.330600001,1252,Bank,Park,Velperweg e.o.
192776.388,445270.0482,1253,Bank,Park,Velperweg e.o.
192812.789000001,445181.664700001,1254,Bank,Park,Velperweg e.o.
192828.951699998,445136.921300001,1255,Bank,Park,Velperweg e.o.
192891.524799999,445068.401099999,1256,Bank,Park,Velperweg e.o.
191254.101599999,443442.568700001,1257,Bank,Trottoir,Centrum
191276.2225,443460.5491,1258,Bank,Trottoir,Centrum
192554.256000001,445376.401500002,1259,Bank,Park,Monnikenhuizen
192761.9388,445964.298900001,1260,Bank,Park,Monnikenhuizen
192679.849300001,445638.0605,1261,Bank,Speeltuin,Monnikenhuizen
192542.3717,445536.434599999,1262,Bank,Park,Monnikenhuizen
192545.6349,445537.602899998,1263,Bank,Park,Monnikenhuizen
192582.201900002,445554.4976,1264,Bank,Park,Monnikenhuizen
192587.715799998,445556.651299998,1265,Bank,Park,Monnikenhuizen
192717.377799999,445457.197799999,1266,Bank,Park,Velperweg e.o.
193382.699900001,445809.373300001,1267,Bank,Park,Velperweg e.o.
193374.040399998,445885.1428,1268,Bank,Park,Velperweg e.o.
193322.7104,445871.341699999,1269,Bank,Park,Velperweg e.o.
193471.975299999,445978.977699999,1270,Bank,Park,Velperweg e.o.
191064.4102,444475.122299999,1271,Bank,Speeltuin,St. Marten/Sonsbeek
191678.686799999,445397.243000001,1272,Bank,Park,Monnikenhuizen
193389.3477,446210.185699999,1273,Bank,Bushalte,Monnikenhuizen
193384.6105,446193.031199999,1274,Bank,Bushalte,Monnikenhuizen
191640.555399999,443208.0042,1275,Bank,Trottoir,Arnhemse Broek
191516.097600002,443163.205699999,1276,Bank,Trottoir,Arnhemse Broek
191455.447999999,443144.118999999,1277,Bank,Trottoir,Arnhemse Broek
191452.596799999,443146.749600001,1278,Bank,Trottoir,Arnhemse Broek
191435.547400001,443119.565699998,1279,Bank,Trottoir,Arnhemse Broek
191076.6426,442049.657200001,1280,Bank,Trottoir,Malburgen-Oost (Zuid)
191077.7892,442051.100499999,1281,Bank,Park,Malburgen-Oost (Zuid)
191092.0627,442081.5469,1282,Bank,Park,Malburgen-Oost (Zuid)
191088.679900002,442084.1195,1283,Bank,Park,Malburgen-Oost (Zuid)
191087.948899999,442080.309300002,1284,Bank,Park,Malburgen-Oost (Zuid)
191116.655099999,442018.567600001,1285,Bank,Park,Malburgen-Oost (Zuid)
191128.8972,442046.5011,1286,Bank,Park,Malburgen-Oost (Zuid)
191131.155499998,442048.561999999,1287,Bank,Park,Malburgen-Oost (Zuid)
191128.861699998,442049.823800001,1288,Bank,Park,Malburgen-Oost (Zuid)
191127.129099999,442047.882100001,1289,Bank,Park,Malburgen-Oost (Zuid)
191164.243500002,441989.414299998,1290,Bank,Park,Malburgen-Oost (Zuid)
191177.752300002,442027.443,1291,Bank,Park,Malburgen-Oost (Zuid)
191176.066199999,442022.927000001,1292,Bank,Park,Malburgen-Oost (Zuid)
191173.309799999,442022.4879,1293,Bank,Park,Malburgen-Oost (Zuid)
191170.710099999,442024.4958,1294,Bank,Park,Malburgen-Oost (Zuid)
191171.028900001,442027.530699998,1295,Bank,Park,Malburgen-Oost (Zuid)
191173.4943,442029.504799999,1296,Bank,Park,Malburgen-Oost (Zuid)
191194.451499999,441947.0825,1297,Bank,Park,Malburgen-Oost (Zuid)
191222.333900001,441816.9868,1298,Bank,Trottoir,Malburgen-Oost (Zuid)
191243.410100002,441790.269400001,1299,Bank,Trottoir,Malburgen-Oost (Zuid)
189055.209899999,445291.696600001,1300,Bank,Speeltuin,Burgemeesterswijk/Hoogkamp
192766.024300002,444088.668499999,1301,Bank,Park,Presikhaaf-West
192777.087499999,443924.3409,1302,Bank,Park,Presikhaaf-West
191429.398899999,443924.236400001,1303,Bank,Speeltuin,Spijkerkwartier
191536.947700001,444964.817000002,1304,Bank,Trottoir,Klarendal
191538.3235,444968.676600002,1305,Bank,Trottoir,Klarendal
192144.3257,446103.278499998,1306,Bank,Trottoir,Monnikenhuizen
192157.027399998,446108.665399998,1307,Bank,Trottoir,Monnikenhuizen
192150.751499999,446085.9276,1308,Bank,Trottoir,Monnikenhuizen
192142.784200002,446091.823100001,1309,Bank,Trottoir,Monnikenhuizen
191937.0229,440731.605799999,1310,Bank,Speeltuin,Malburgen-Oost (Zuid)
191946.9441,440730.633699998,1311,Bank,Speeltuin,Malburgen-Oost (Zuid)
191970.778200001,440701.556299999,1312,Bank,Speeltuin,Malburgen-Oost (Zuid)
191889.386700001,440941.4012,1313,Bank,Park,Malburgen-Oost (Zuid)
191469.763900001,441946.659000002,1314,Picknickbank,Speeltuin,Malburgen-Oost (Noord)
191679.025899999,443282.2608,1315,Bank,Trottoir,Arnhemse Broek
191675.211199999,443354.5295,1316,Bank,Trottoir,Arnhemse Broek
191687.8444,443181.348299999,1317,Bijzondere bank,Trottoir,Arnhemse Broek
191686.496399999,443153.394299999,1318,Bank,Trottoir,Arnhemse Broek
191666.695999999,443160.1118,1319,Bank,Trottoir,Arnhemse Broek
191605.0088,443084.814199999,1320,Bank,Trottoir,Arnhemse Broek
191612.103700001,443086.1393,1321,Bank,Trottoir,Arnhemse Broek
191618.1807,443063.451900002,1322,Bank,Trottoir,Arnhemse Broek
191620.235100001,443063.928300001,1323,Bank,Trottoir,Arnhemse Broek
191614.52,443086.544599999,1324,Bank,Trottoir,Arnhemse Broek
191687.208299998,443151.677499998,1325,Bank,Trottoir,Arnhemse Broek
193779.771000002,443567.615499999,1326,Bank,Trottoir,Presikhaaf-West
193647.5491,443612.034400001,1327,Bank,Trottoir,Presikhaaf-West
194028.2289,444096.946400002,1328,Bijzondere bank,Trottoir,Presikhaaf-Oost
193804.229899999,444287.7291,1329,Bank,Park,Presikhaaf-Oost
193805.4298,444307.8686,1330,Bank,Park,Presikhaaf-Oost
193808.238400001,444309.3616,1331,Bank,Park,Presikhaaf-Oost
193809.942299999,444329.614799999,1332,Bank,Park,Presikhaaf-Oost
193812.575399999,444330.425000001,1333,Bank,Park,Presikhaaf-Oost
193785.823199999,444317.8431,1334,Bank,Park,Presikhaaf-Oost
193783.220899999,444316.718800001,1335,Bank,Park,Presikhaaf-Oost
193752.7322,444303.940699998,1336,Bank,Park,Presikhaaf-Oost
193746.393599998,444300.946600001,1337,Bank,Park,Presikhaaf-Oost
193743.894499999,444276.8609,1338,Bank,Park,Presikhaaf-Oost
193741.712699998,444276.182999998,1339,Bank,Park,Presikhaaf-Oost
193718.3937,444286.719099998,1340,Bank,Park,Presikhaaf-Oost
193722.451400001,444288.451400001,1341,Bank,Park,Presikhaaf-Oost
193703.5647,444299.5123,1342,Bank,Park,Presikhaaf-Oost
193669.1514,444289.528000001,1343,Bank,Park,Presikhaaf-Oost
193637.7073,444307.022599999,1344,Bank,Park,Presikhaaf-Oost
193642.378600001,444311.6622,1345,Bank,Park,Presikhaaf-Oost
193640.446400002,444310.159400001,1346,Bank,Park,Presikhaaf-Oost
193641.6567,444326.1164,1347,Bank,Park,Presikhaaf-Oost
193640.734999999,444327.202100001,1348,Bank,Park,Presikhaaf-Oost
193638.5473,444350.905499998,1349,Bank,Park,Presikhaaf-Oost
193640.052299999,444344.010899998,1350,Bank,Park,Presikhaaf-Oost
193640.7403,444308.879799999,1351,Bank,Park,Presikhaaf-Oost
193641.9967,444309.723000001,1352,Bank,Park,Presikhaaf-Oost
193643.024999999,444310.784600001,1353,Bank,Park,Presikhaaf-Oost
193612.753699999,444261.252500001,1354,Bank,Park,Presikhaaf-Oost
193607.944499999,444260.656300001,1355,Bank,Park,Presikhaaf-Oost
193570.0645,444209.2788,1356,Bijzondere bank,Park,Presikhaaf-Oost
193544.611400001,444165.985800002,1357,Bank,Park,Presikhaaf-Oost
193549.571199998,444163.570900001,1358,Bank,Park,Presikhaaf-Oost
193551.984000001,444165.669599999,1359,Bank,Park,Presikhaaf-Oost
193550.345199998,444168.022999998,1360,Bank,Park,Presikhaaf-Oost
193547.819600001,444166.390999999,1361,Bank,Park,Presikhaaf-Oost
193505.988200001,444198.7817,1362,Picknickbank,Park,Presikhaaf-Oost
189344.82,445111.837099999,1363,Bank,Bushalte,Burgemeesterswijk/Hoogkamp
188724.175900001,446325.669799998,1364,Bank,Speeltuin,Schaarsbergen
188814.246199999,446907.632399999,1365,Bank,Park,Schaarsbergen
192006.718199998,444224.580400001,1366,Bank,Trottoir,Velperweg e.o.
193097.2141,443734.975400001,1367,Bank,Speeltuin,Presikhaaf-West
192037.144900002,443538.559999999,1368,Bijzondere bank,Park,Arnhemse Broek
190764.7084,440060.0174,1369,Bank,Speeltuin,Vredenburg/Kronenburg
190767.635400001,440057.338500001,1370,Bank,Speeltuin,Vredenburg/Kronenburg
190455.566399999,442347.227600001,1371,Bank,Trottoir,Malburgen-West
193381.039500002,444642.855900001,1372,Bank,Park,Presikhaaf-Oost
193391.375999998,444632.2256,1373,Bank,Park,Presikhaaf-Oost
193434.848099999,444692.534600001,1374,Bank,Park,Presikhaaf-Oost
193426.456,444641.730300002,1375,Bank,Park,Presikhaaf-Oost
193458.159699999,444619.943300001,1376,Bank,Park,Presikhaaf-Oost
193436.664500002,444592.221999999,1377,Bank,Park,Presikhaaf-Oost
193413.473900001,444594.007199999,1378,Picknickbank,Park,Presikhaaf-Oost
193384.638999999,444561.041200001,1379,Bank,Park,Presikhaaf-Oost
193383.0407,444606.1448,1380,Bank,Park,Presikhaaf-Oost
193334.268800002,444578.891399998,1381,Bank,Park,Presikhaaf-Oost
187049.6952,439696.4771,1382,Bank,Park,De Laar
186925.312399998,440794.168900002,1383,Bank,Bushalte,Schuytgraaf
193027.076699998,446078.2784,1384,Bank,Trottoir,Geitenkamp
193024.348200001,446075.153000001,1385,Bank,Trottoir,Geitenkamp
194591.982900001,443862.6197,1386,Bank,Park,Presikhaaf-Oost
