{
  "layers": [
    {
      "type": "scene",
      "minScale": 65000,
      "url": "https://geo.arnhem.nl/arcgis/rest/services/Hosted/3dgebouwenArnhem/SceneServer",
      "id": "buildings",
      "title": "3D Gebouwen",
      "featureReduction": {
        "type": "selection"
      },
      "renderer": {
        "type": "simple",
        "symbol": {
          "type": "mesh-3d",
          "symbolLayers": [
            {
              "type": "fill",
              "material": {
                "color": "#ffffff",
                "colorMixMode": "replace"
              },
              "edges": {
                "type": "solid",
                "color": [
                  0,
                  0,
                  0,
                  0.6
                ],
                "size": 1.5
              }
            }
          ]
        }
      },
      "visible": true
    },
    {
      "type": "feature",
      "id": "trees",
      "title": "Bomen",
      "screenSizePerspectiveEnabled": true,
      "url": "https://geo.arnhem.nl/arcgis/rest/services/OpenData/Bomenkaart/MapServer/WFSServer",
      "featureReduction": {
        "type": "selection"
      },
      "renderer": {
        "type": "simple",
        "symbol": {
          "type": "web-style",
          "name": "Frangula",
          "styleName": "EsriThematicTreesStyle"
        }
      },
      "minScale": 3000,
      "visible": true
    },
    {
      "type": "feature",
      "id": "editabletrees",
      "affects": [
        {
          "id": "energielabels",
          "strategy": "energielabels"
        }
      ],
      "url": "https://geo.arnhem.nl/arcgis/rest/services/Hosted/Stadsplanning/FeatureServer",
      "title": "Bomenplanning",
      "renderer": {
        "type": "unique-value",
        "field": "BOOM_SOORT",
        "defaultSymbol": {
          "type": "web-style",
          "name": "Unknown",
          "styleName": "EsriThematicTreesStyle"
        },
        "visualVariables": [
          {
            "type": "size",
            "field": "KROON_DIAMETER",
            "axis": "width-and-depth",
            "valueUnit": "meters"
          }
        ],
        "uniqueValueInfos": [
          {
            "value": "BERK",
            "symbol": {
              "type": "web-style",
              "name": "Betula",
              "styleName": "EsriRealisticTreesStyle"
            }
          },
          {
            "value": "EIK",
            "symbol": {
              "type": "web-style",
              "name": "Quercus Rubra",
              "styleName": "EsriRealisticTreesStyle"
            }
          },
          {
            "value": "POPULIER",
            "symbol": {
              "type": "web-style",
              "name": "Populus",
              "styleName": "EsriRealisticTreesStyle"
            }
          }
        ]
      },
      "visible": false
    },
    {
      "title": "Energielabels",
      "id": "energielabels",
      "elevationInfo": {
        "mode": "relative-to-scene",
        "offset": 1
      },
      "visible": false,
      "type": "feature",
      "url": "https://services.arcgis.com/nSZVuSZjHpEZZbRo/arcgis/rest/services/Energielabels/FeatureServer/1",
      "maxScale": 0
    },
    {
      "type": "elevation",
      "url": "https://tiles.arcgis.com/tiles/nSZVuSZjHpEZZbRo/arcgis/rest/services/Elevation_3D_RD/ImageServer",
      "id": "elevation"
    },
    {
      "url": "https://geo.arnhem.nl/arcgis/rest/services/Geoweb/Arnhem_BOR/MapServer",
      "title": "Arnhem BOR",
      "type": "map-image",
      "sublayers": [
        {
          "visible": false,
          "id": 14,
          "outfields": [
            "*"
          ],
          "elevationInfo": {
            "mode": "relative-to-ground",
            "featureExpressionInfo": {
              "expression": "-($feature.BOB_VAN - (($feature.DIAMETER / 1000) / 2))"
            },
            "unit": "meters"
          },
          "renderer": {
            "visualVariables": [
              {
                "type": "size",
                "field": "DIAMETER",
                "axis": "height",
                "valueUnit": "millimeters",
                "valueRepresentation": "diameter"
              }
            ],
            "type": "simple",
            "symbol": {
              "type": "line-3d",
              "symbolLayers": [
                {
                  "type": "path",
                  "profile": "circle",
                  "material": {
                    "color": "#808080"
                  },
                  "anchor": "bottom",
                  "profileRotation": "heading"
                }
              ]
            }
          }
        },
        {
          "id": 30,
          "renderer": {
            "type": "simple",
            "symbol": {
              "type": "line-3d",
              "symbolLayers": [
                {
                  "type": "path",
                  "profile": "circle",
                  "material": {
                    "color": "#aec408"
                  },
                  "width": 0.2,
                  "height": 0.2,
                  "anchor": "bottom",
                  "profileRotation": "heading"
                }
              ]
            }
          },
          "elevationInfo": {
            "mode": "relative-to-ground",
            "offset": -3
          }
        },
        {
          "id": 13,
          "visible": false,
          "elevationInfo": {
            "mode": "on-the-ground",
            "unit": "meters",
            "offset": 0
          },
          "renderer": {
            "type": "simple",
            "visualVariables": [
              {
                "type": "size",
                "axis": "width",
                "field": "BREEDTE",
                "valueUnit": "millimeters"
              },
              {
                "type": "size",
                "axis": "height",
                "field": "PUTDEKSELHOOGTE",
                "valueUnit": "millimeters"
              },
              {
                "type": "size",
                "axis": "depth",
                "field": "LENGTE",
                "valueUnit": "millimeters"
              }
            ],
            "symbol": {
              "type": "web-style",
              "name": "Sewer_Grate",
              "styleName": "EsriRealisticStreetSceneStyle"
            }
          }
        },
        {
          "visible": false,
          "id": 31,
          "renderer": {
            "type": "simple",
            "symbol": {
              "type": "polygon-3d",
              "symbolLayers": [
                {
                  "type": "extrude",
                  "size": 0.2,
                  "material": {
                    "color": "red"
                  }
                }
              ]
            }
          },
          "elevationInfo": {
            "mode": "relative-to-ground",
            "offset": -0.6
          }
        }
      ]
    }
  ],
  "view": {
    "camera": {
      "spatialReference": {
        "wkid": 28992
      },
      "x": 190871.79970213366,
      "y": 443752.26031690626,
      "z": 5966.512190682592
    },
    "qualityProfile": "medium",
    "environment": {
      "lighting": {
        "type": "sun",
        "directShadowsEnabled": true,
        "ambientOcclusionEnabled": true
      },
      "atmosphereEnabled": true,
      "starsEnabled": true
    },
    "spatialReference": {
      "wkid": 28992
    }
  }
}
